-- MySQL dump 10.13  Distrib 8.0.33, for Linux (x86_64)
--
-- Host: localhost    Database: CarCarO
-- ------------------------------------------------------
-- Server version	8.0.33-0ubuntu0.22.04.2

/*!40101 SET @OLD_CHARACTER_SET_CLIENT=@@CHARACTER_SET_CLIENT */;
/*!40101 SET @OLD_CHARACTER_SET_RESULTS=@@CHARACTER_SET_RESULTS */;
/*!40101 SET @OLD_COLLATION_CONNECTION=@@COLLATION_CONNECTION */;
/*!50503 SET NAMES utf8mb4 */;
/*!40103 SET @OLD_TIME_ZONE=@@TIME_ZONE */;
/*!40103 SET TIME_ZONE='+00:00' */;
/*!40014 SET @OLD_UNIQUE_CHECKS=@@UNIQUE_CHECKS, UNIQUE_CHECKS=0 */;
/*!40014 SET @OLD_FOREIGN_KEY_CHECKS=@@FOREIGN_KEY_CHECKS, FOREIGN_KEY_CHECKS=0 */;
/*!40101 SET @OLD_SQL_MODE=@@SQL_MODE, SQL_MODE='NO_AUTO_VALUE_ON_ZERO' */;
/*!40111 SET @OLD_SQL_NOTES=@@SQL_NOTES, SQL_NOTES=0 */;

--
-- Table structure for table `advertises`
--

CREATE DATABASE CarCarO;
USE CarCarO;

DROP TABLE IF EXISTS `advertises`;
/*!40101 SET @saved_cs_client     = @@character_set_client */;
/*!50503 SET character_set_client = utf8mb4 */;
CREATE TABLE `advertises` (
  `no` bigint NOT NULL AUTO_INCREMENT,
  `title` varchar(100) NOT NULL,
  `href` varchar(255) CHARACTER SET utf8mb4 COLLATE utf8mb4_0900_ai_ci NOT NULL,
  `img` json DEFAULT NULL,
  `createdAt` datetime NOT NULL,
  `updatedAt` datetime NOT NULL,
  PRIMARY KEY (`no`)
) ENGINE=InnoDB AUTO_INCREMENT=8 DEFAULT CHARSET=utf8mb4 COLLATE=utf8mb4_0900_ai_ci;
/*!40101 SET character_set_client = @saved_cs_client */;

--
-- Dumping data for table `advertises`
--

LOCK TABLES `advertises` WRITE;
/*!40000 ALTER TABLE `advertises` DISABLE KEYS */;
INSERT INTO `advertises` VALUES (1,'네이버','https://naver.com','[{\"url\": \"/img/greenfactory1683522777665.png\", \"filename\": \"greenfactory1683522777665.png\"}]','2023-05-08 05:12:57','2023-05-08 05:12:57'),(3,'구글 삭제 후 재 등록','https://google.com','[{\"url\": \"/img/145968_153522_17431683529540908.jpg\", \"filename\": \"145968_153522_17431683529540908.jpg\"}]','2023-05-08 07:05:40','2023-05-08 07:05:40'),(4,'카카로','http://localhost:3005','[{\"url\": \"/img/adminlogo1683542396805.png\", \"filename\": \"adminlogo1683542396805.png\"}]','2023-05-08 10:39:56','2023-05-08 10:39:56'),(5,'다음','https://www.daum.net','[{\"url\": \"/img/userlogo1683542430688.png\", \"filename\": \"userlogo1683542430688.png\"}]','2023-05-08 10:40:30','2023-05-08 10:40:30'),(7,'ㅁㅇㄴㅇㄴㅇㄴㅇ','#','[{\"url\": \"/img/aaaa1683859883668.jpeg\", \"filename\": \"aaaa1683859883668.jpeg\"}]','2023-05-12 02:51:23','2023-05-12 02:51:23');
/*!40000 ALTER TABLE `advertises` ENABLE KEYS */;
UNLOCK TABLES;

--
-- Table structure for table `boards`
--

DROP TABLE IF EXISTS `boards`;
/*!40101 SET @saved_cs_client     = @@character_set_client */;
/*!50503 SET character_set_client = utf8mb4 */;
CREATE TABLE `boards` (
  `postId` bigint NOT NULL AUTO_INCREMENT,
  `title` varchar(100) CHARACTER SET utf8mb4 COLLATE utf8mb4_0900_ai_ci NOT NULL,
  `content` varchar(1000) CHARACTER SET utf8mb4 COLLATE utf8mb4_0900_ai_ci NOT NULL,
  `createdAt` datetime NOT NULL,
  `updatedAt` datetime NOT NULL,
  `user_id` varchar(100) NOT NULL,
  `grade` int NOT NULL DEFAULT '1',
  `count` int NOT NULL DEFAULT '0',
  `views` int NOT NULL DEFAULT '0',
  `car_num` bigint DEFAULT NULL,
  PRIMARY KEY (`postId`),
  KEY `boards_FK` (`user_id`),
  KEY `boards_FK_1` (`car_num`),
  CONSTRAINT `boards_FK` FOREIGN KEY (`user_id`) REFERENCES `users` (`id`) ON DELETE CASCADE ON UPDATE CASCADE,
  CONSTRAINT `boards_FK_1` FOREIGN KEY (`car_num`) REFERENCES `cars` (`num`) ON DELETE CASCADE ON UPDATE CASCADE
) ENGINE=InnoDB AUTO_INCREMENT=92 DEFAULT CHARSET=utf8mb4 COLLATE=utf8mb4_0900_ai_ci;
/*!40101 SET character_set_client = @saved_cs_client */;

--
-- Dumping data for table `boards`
--

LOCK TABLES `boards` WRITE;
/*!40000 ALTER TABLE `boards` DISABLE KEYS */;
INSERT INTO `boards` VALUES (3,'새로 가입한 뉴비입니다.','남자의 자존심 제네시스 팔러왔습니다. ','2023-05-08 05:25:58','2023-05-10 03:19:50','plusmail2',1,4,10,NULL),(4,'카카로 이사이트 차팔기 참좋네','ㄹㅇㅋㅋ','2023-05-08 06:32:03','2023-05-09 05:07:34','aldo9974',1,4,7,NULL),(5,'중고차 매매는 카카로! 오픈했습니다.','주변에 많이 알려주시고, 안전거래 하시길 바랍니다.^^','2023-05-08 06:35:37','2023-05-12 01:13:50','admin',2,13,127,NULL),(8,'안녕하세요 중고차 판매하러 방문했습니다.','K9 판매하러 여기에 왔습니다.\r\nK9 많은 관심 부탁드립니다!','2023-05-09 00:29:05','2023-05-11 08:17:57','ragnar01',1,2,13,NULL),(11,'안녕하세요 자차 구입하고싶어 가입했습니다.','잘 부탁드립니다ㅎㅎ','2023-05-09 08:47:43','2023-05-10 05:14:12','kbj',1,2,8,NULL),(12,'도로에서 절대 마주치기 싫은 최악의 운전자 유형은?','\r\n나를 가장 짜증 나게 만드는 다른 운전자들의 운전 습관에는 무엇이 있을까?\r\n\r\n2020년의 한 연구에 따르면 미국인의 65%가 자신을 평균 이상의 지능으로 평가했는데, 물론 이는 결코 사실이 아니다. 자신의 능력을 과대평가하는 현상은 심리학자들에게 환상의 우월성으로 알려져 있으며, 이는 자신의 운전 기준을 판단하는 능력에도 영향을 미친다. 또 다른 연구에서는 80%의 운전자들이 다른 운전자들보다 운전을 더 잘한다고 생각한다고 답했다. \r\n\r\n하지만 도로 위에서는 짜증 나는 운전자들을 종종 만나게 된다. 너무 느리게 운전하거나, 또는 핸드폰을 보거나 화장을 하고 있다. 어떤 운전자는 너무 바짝 차를 붙이기도 하고, 어떤 사람은 너무 소심해서 교차로에서 우물쭈물 서 있기도 한다. 또는 밤에 헤드램프를 상향등으로 켜놓고 운전하는 몰지각한 사람들도 있다. \r\n\r\n\r\n\r\n하지만 정말로 피하고 싶은 운전자는 무고한 생명을 위험에 빠뜨리는 사람들이다. 빗속에서 타이어나 브레이크 결함이 있는 차를 운전하는 사람들도 있다. \r\n\r\n영국 버투모터스가 최근 실시한 연구에 따르면 영국인들이 다른 운전자의 가장 싫어하는 습관은 바로 뒤에 빠짝 붙어서 따라오는 것이었고, 그다음은 방향지시등을 켜지 않는 것, 운전할 때 전화를 사용하는 것, 상향등을 켜고 운전하는 것, 고속도로에서 옆 차선을 물고 주행하는 것, 주차장에서 두 개의 공간을 차지하는 것, 과속하는 것 등으로 나타났다.\r\n\r\n이슬기 기자','2023-05-10 00:44:03','2023-05-10 01:07:39','kanggamchan1',1,1,4,NULL),(13,'애스턴마틴 팀 페르난도 알론소, F1 마이애미 GP 3위...이번 시즌 4번째 포디움','애스턴마틴이 5월 5일부터 7일 사이 (현지 시각) 열린 F1 월드챔피언십 5라운드 미국 마이애미 GP에서 최종 3위를 기록하며 네 경기 포디움에 오르는 기염을 토했다고 밝혔다.\r\n\r\n세계적인 F1 챔피언인 페르난도 알론소는 올해 애스턴마틴 포뮬러원 팀에 합류한 이후 2023시즌에서 다섯 경기 중 네 번이나 포디움 기록을 달성하며 압도적인 실력을 증명했다. 그는 시즌 개막전인 바레인 GP, 사우디아라비아 GP, 호주 GP에 이어 이번 마이애미 GP에서도 시상대에 올랐다.\r\n\r\n마이애미 GP에서 페르난도 알론소는 애스턴마틴의 110주년 기념 특별 로고를 새긴 F1 경주차 \'AMR23\'의 장점을 활용한 레이스를 펼쳤다. AMR23은 애스턴마틴의 대담하고 창조적인 정체성과 방향성을 표현하고자 2022년에 새롭게 디자인된 날개 문양의 로고를 사용한 차량이다. 알론소는 AMR23의 강점인 강력한 타이어 수명을 적극 활용해 트랙에서 역동적인 퍼포먼스를 선보였다.\r\n\r\n\r\n알론소는 \"이번 시즌 첫 다섯 번의 경기 중 네 번이나 포디움 기록을 달성했다. 아제르바이잔 GP에서만 0.8초란 간발의 차이로 아쉽게 포디움 기록을 놓쳤을 뿐이니 아주 만족스러운 시즌 시작이라 할 수 있겠다\"고 말했다.\r\n\r\n알론소는 지난 일곱 번의 시즌을 합친 것보다 더 많은 F1 포디움 기록을 이번 시즌에서 보여주고 있다. 그는 드라이버 챔피언십 순위에서도 안정적인 3위를 유지하고 있다. 알론소는 \"언젠가 다가올 승리의 기회를 놓치지 않기 위해서는 최적의 상태를 유지해야 한다. 그것이 바로 현재 우리가 집중하고 있는 일\"이라며, 시즌 남은 경기에 대한 포부를 드러냈다.\r\n\r\n한편, 애스턴마틴 팀은 이번 마이애미 GP에서 팬들을 위한 다채로운 행사를 마련했다. 팀은 마이애미 윈우드에 위치한 패들 클럽에 팬들을 초청해 페르난도 알론소와 함께 하는 시간을 마련했고, 2022 F2 챔피언인 펠리페 드루고비치, 여성 드라이버인 제시카 호킨스와 함께 자전거를 타고 마이애미 일대를 투어하는 이벤트도 준비했다.','2023-05-10 01:08:25','2023-05-10 01:37:52','wangkun01',1,2,5,NULL),(14,'국토부, 기아·벤츠 등 5개사 16개 차종 자발적 시정조치','[M투데이 이세민 기자] 국토교통부는 기아, 메르세데스벤츠코리아, 현대자동차, 한국지엠, 스텔란티스코리아에서 제작 또는 수입·판매한 총 16개 차종 22만 9,052대에서 제작결함이 발견되어 자발적으로 시정조치(리콜)한다고 밝혔다.\r\n\r\n\r\n\r\n먼저 기아에서 제작, 판매한 카니발 190,841대(판매이전 포함)는 슬라이딩도어가 닫히기 직전 신체 일부를 도어 사이에 넣는 등의 특정상황에서 신체 일부가 도어 사이에 끼여 상해를 입을 가능성이 확인되어 자발적으로시정조치(리콜)에 들어간다.\r\n\r\n\r\n\r\n메르세데스벤츠코리아에서 수입, 판매한 E220d 등 8개 차종 2만 547대는 고압연료펌프 내 부품의 강건성 부족에 의한 마모로 이물질이 발생하고, 이로 인해 연료공급라인이 막혀 시동이 꺼질 가능성이 확인돼, 자발적으로 시정조치(리콜)에 들어간다.\r\n\r\n\r\n\r\n현대차의 경우 제작, 판매한 파비스 등 2개 차종 16,099대(판매이전 포함)는 배터리 스위치 설계 오류로 스위치와 스위치 고정 구조물 사이에이물질이 축적되어 전류가 흐르고 이로 인해 화재가 발생할 가능성이 확인돼 자발적으로 시정조치(리콜)에 들어간다.\r\n\r\n또한 뉴 카운티 어린이운송차 등 2개 차종 65대는 어린이 좌석안전띠 리트랙터* 부품 조립 불량으로 차량이 좌우 12도 이하로 기울어질 경우에도 리트랙터가잠기는 안전기준 부적합 사항이 확인돼 우선 제작사에서 자발적으로 시정조치(리콜)를 진행하고, 추후 시정률 등을 감안하여 과징금을 부과할 계획이다.\r\n\r\n\r\n\r\n한국지엠에서 수입, 판매한 볼트 EV 등 2개 차종 1,467대는 고전압 배터리 결함(음극 탭 손상 및 분리막 밀림)으로 배터리완충 시 화재가 발생할 가능성이 확인돼 자발적으로 시정조치(리콜)에 들어간다.','2023-05-10 01:23:17','2023-05-10 01:37:44','lisunsin01',1,1,2,NULL),(15,'작년 1년간 세계 자동차 판매 순위','ㄷㄷㄷ','2023-05-10 01:32:16','2023-05-10 02:32:06','Aherebirda3',1,0,1,NULL),(16,'작년에 팔린 신차 60%가 SUV… 저무는 세단 시대','지난해 국내 신차(중고차가 아닌 차) 시장에서 스포츠유틸리티차(SUV) 판매 비중이 60.5%에 달한 것으로 나타났다. 공간이 넓고 다양하게 활용할 수 있는 SUV의 인기가 높아진 덕분이다. SUV 확대로 그간 ‘정통차’라는 인식이 강했던 세단은 빠르게 시장을 잃고 있다. 현대차 쏘나타, 기아 K3 등 회사를 대표하는 세단의 단종도 예상된다.','2023-05-10 01:39:08','2023-05-10 02:06:19','01kangyu',1,1,3,NULL),(17,'차x)부산 기장 사시는 회원님 계신가욥?','6월11일날 가족여행으로 11명 부산 여행가는데\r\n\r\n숙소는 기장 입니다\r\n\r\n부산 기장군 기장읍 동부산관광7로 17\r\n\r\n 쏘타컬렉션 더 오시리아 입니다\r\n\r\n차량을 쏠라티로 가는데 숙소는 생활숙박시설이라\r\n\r\n일반 승용차는 지하주차장을 이용할수 있는데\r\n\r\n쏠라티는 주차장을 들어갈수가 없습니다\r\n\r\n혹시 주위에 주차 할곳 있을까요?\r\n\r\n주차할곳이 없으면 숙소를 다른데를 알아봐야할거 같습니다\r\n\r\n읽어주셔서 감사합니다','2023-05-10 01:39:52','2023-05-10 02:47:45','chltlstlr3',1,1,5,NULL),(19,'bmw x4 vs 벤츠 glc300쿠페','둘다 2~3년 지난 중고를 산다고 할때..\r\n\r\n \r\n\r\n어느 차가 더 좋은가요?\r\n\r\n \r\n\r\n디자인은 둘다 맘에 드는데..\r\n\r\n \r\n\r\n승차감이나 2열 거주성..연비등은..\r\n\r\n \r\n\r\n가솔린 기준입니다..\r\n\r\n \r\n\r\n여러분의 추천은?','2023-05-10 02:07:33','2023-05-10 03:19:22','rlarbdhks3',1,5,12,NULL),(20,'전기차 전략 성공했네...벤츠, 전기차 판매량 2배 급증!','메르세데스-벤츠가 올해 전기차 판매량이 급증했다. 전기차 판매 증대 전략이 실효성을 거두고 있다는 평가다.\r\n\r\n독일 에코멘토가 8일 보도한 내용에 따르면, 메르세데스-벤츠의 1분기 전기차 판매량은 전년 동기 대비 89%나 늘었다. 작년보다 2배에 가까운 전기차를 팔았다는 뜻이다.\r\n\r\n1분기 자동차 판매량 50만3500대 중에서 전기차가 차지하는 대수는 5만1600대였다. 전체 판매량의 10% 가량이 전기차였던 셈이다.','2023-05-10 02:15:33','2023-05-10 03:07:13','yukson01',1,1,3,NULL),(21,'오늘 bmw 정비갔다왔는데, 동영상으로 엔진룸 동영상 증빙해줌','오늘 bmw 엔진오일하고 필터교환갔다왔는데, \r\n\r\n엔진룸 구석구석하고 차량하부와 서스쪽까지 싹다 동영상으로 찍어서 증빙해주네요.\r\n\r\n엔진오일교환하는것도 보여주고, 차량 둘레도 돌면서 스크래치 난거 없다는것까지 증빙해서 메시지로 보내주는군요.\r\n\r\nbmw가 한국시장에서 잘하고 있다고 느껴지네요. ','2023-05-10 02:22:34','2023-05-10 02:30:30','qkrgkqls3',1,0,1,NULL),(22,'\'억\' 소리 나는 전기차들 국내 상륙한다…보조금 얼마 받을까?','10일 업계에 따르면 플래그십을 표방한 고가 전기차가 올해 하반기 출시나 공개를 속속 앞두고 있다. 플래그십 모델은 배터리 효율을 극대화하면서 운행 거리를 늘리고, 안전 기술이나 자율주행기능 등 다양한 최신·최첨단 핵심 기술이 조합된 집약체다. 각 완성차 업체의 전동화 비전이나 기술력 등을 단적으로 보여주는 상징적 모델이라 할 수 있다.\r\n\r\n올 하반기 국내 공개될 플래그십 신차로는 볼보 EX90, 캐딜락 리릭 등이 대표적이다. 상반기 이미 공개된 기아 EV9, 테슬라 모델 S·X 등과의 경쟁도 예상된다.\r\n\r\n캐딜락의 전기 스포츠유틸리티차량(SUV) 리릭은 전기차 플랫폼 기반으로 탄생한 모델이다. 102kW/h급 배터리와 듀얼 모터를 탑재한 사륜구동 시스템이 적용됐다. 최대 출력 약 500마력, 최대 토크 약 62kg·m으로, 1회 충전 시 494㎞(북미 시장 기준)를 달린다.\r\n\r\n볼보의 순수 전기 플래그십 SUV EX90은 올 하반기 공개될 예정이다. 듀얼 모터를 탑재해 380kW(약 517마력)를 내며 111kWh급 배터리로 1회 충전 시 600㎞(WLTP 기준)를 달린다. 0.29cd의 낮은 공기저항계수도 특징이다. 차량 안전을 위해 코어 컴퓨터를 비롯해 8개의 카메라, 5개의 레이더, 16개 초음파 센서 및 라이다를 탑재했다.\r\n\r\n기아의 플래그십 SUV EV9은 지난 3일 사전 판매를 돌입했다. 99.8kWh 배터리를 탑재해 1회 충전시 501㎞(19인치 휠 2WD 모델 산업부 인증 완료 기준)를 달린다. 상위 트림인 GT 라인 기준 최고 출력은 283kW(384마력), 최대토크는 700Nm이다. 가장 큰 경쟁력은 고속도로 부분자율주행(HDP) 기능. 운전대를 잡지 않아도 앞차와의 안전거리를 유지하며 최고 시속 80㎞로 운행할 수 있다.','2023-05-10 02:27:52','2023-05-10 03:30:04','yukhang01',1,1,3,NULL),(23,'중년의 나이에 타기에 좋은차 추천좀해주세요','중년의 자존심을 세워줄만한 우람한 차량 추천가능할까요??\r\n\r\n자금은 2억가량 있습니다.','2023-05-10 02:33:07','2023-05-10 04:02:14','dutmdqja3',1,4,12,NULL),(24,'승차감 좋은 아이오닉6, 모델3 제칠 수 있을까','현대자동차는 지난해 7월 부산국제모터쇼에서 중형 전기 세단 아이오닉6를 처음 공개한데 이어 9월 국내에 출시했다. 아이오닉6는 아이오닉5에 이어 현대차 브랜드로는 전기차 전용 플랫폼 E-GMP를 탑재한 두 번째 모델이다.\r\n\r\n\r\n\r\n아이오닉6는 올해 3월 미국서 판매를 시작, 3월 222대, 4월 890대를 판매했다. 아이오닉5 첫 달 판매량이 153대였고 인플레이션 감축법 시행 이후 판매 첫 달임을 감안할 때 초기 흥행에 비교적 성공했다는 평이다.\r\n\r\n\r\n\r\n아이오닉6는 미국서 4만 2715달러(한화 약 5700만원)부터, 모델3는 4만 230달러(한화 약 5400만원)부터 시작한다. 롱레인지 듀얼모터 기준 1회 완충 시 77.4kWh 배터리가 탑재된 아이오닉6는 484km 주행이 가능하다. 82kWh 배터리가 탑재된 모델3 롱레인지는 보다 긴 524km 주행이 가능하다. 아이오닉6은 최고출력 325마력, 최대토크 61.7kgm, 모델3는 421마력, 최대토크 51kgm을 낸다.\r\n\r\n\r\n\r\n테슬라 모델3 퍼포먼스\r\n\r\n테슬라 모델3 퍼포먼스\r\n아이오닉6 차체크기(mm)는 전장 4855, 전고 1495, 전폭 1880, 휠베이스 2950로 모델3 보다 크다. 모델3  크기(mm)는 전장 4694, 전고 1443, 전폭 1849, 휠베이스 2875에 그친다. 아이오닉6는 모델3에 비해 전고가 더 높고 레그룸도 훨씬 넉넉하지만 패스트백 루프라인으로 머리 공간은 부족하다는 평이 미국 미디어의 지배적인 의견이다.\r\n\r\n\r\n\r\n미국 자동차 전문 매체 오토블로그는 “아이오닉6는 전체적으로 아이오닉5를 연상시키지만 아이오닉5보다는 조금 더 스포티한 주행감을 갖고 있다”며 “스포츠 모드에서 앞바퀴 균형을 유지하고 가속 페달을 밟으면 가속 반응이 바로 나타나고 에코 모드에서는 조향감은 가볍지만 시트 아래 장착된 배터리가 묵직하게 느껴지는 승차감이 좋다”는 시승 후기를 찾아볼 수 있다.','2023-05-10 02:41:31','2023-05-10 03:11:57','1gwakkeobyong',1,2,5,NULL),(25,'캬~ 이사이트 깰끔하네요','중고차는 카카로~\r\n\r\n작년에 다른사이트서 차샀다가 한달만에 팔았는데, 여기 차들은 다들 상태가 괜찮아 보이네요!!','2023-05-10 02:45:15','2023-05-10 05:14:29','user',1,3,10,NULL),(26,'벤츠팔고 파나메라 사고싶은데','파나메라는 중고로사도 ㄱㅊ?','2023-05-10 03:06:54','2023-05-10 03:19:39','dksckdgus3',1,2,6,NULL),(27,'\'아빠들 로망\' 기아 카니발 갖고 있는 분…꼭 정비소 가세요','기아 카니발 19만여대가 리콜에 들어갑니다. \r\n국토교통부는 10일 \"카니발 차량의 뒷좌석 자동출입문인 \'슬라이딩 도어\'가 닫히기 직전 신체 일부가 끼여 다칠 가능성이 확인돼 제조사가 자발적으로 리콜하기로 했다\"고 밝혔습니다. 기아는 지난달 미국에서 같은 문제로 카니발 5만1568대를 리콜했고, 국내에서도 이번에 19만841대를 리콜합니다. 2020년 7월~2023년 4월 제작된 차량이 대상입니다. \r\n\r\n해당 차량은 오는 17일부터 기아 직영 서비스센터에서 무상으로 수리(소프트웨어 업데이트)를 받을 수 있습니다. 문이 닫힐 때 물체를 감지하는 센서의 민감도를 좀 더 예민하게 업데이트하는 방식입니다.\r\n\r\n메르세데스벤츠코리아는 E 220d 등 8개 차종의 연료펌프 내 부품에서 마모로 인한 이물질이 발생, 연료공급에 문제가 생길 가능성이 확인돼 2만여대를 리콜한다고 밝혔습니다.\r\n\r\n이밖에 한국지엠에서 수입·판매한 볼트 EV 등 2개 차종 1467대는 배터리 완충 시 화재가 발생할 가능성이 확인돼 리콜에 들어갑니다.\r\n\r\n','2023-05-10 03:13:07','2023-05-10 03:43:02','01hangwu',1,2,5,NULL),(28,'오빠차 뽑앗다~','널 데리러가~','2023-05-10 03:21:23','2023-05-10 08:51:37','dlgusqo3',1,1,4,NULL),(29,'車 팔지 말라는 얘기냐? 美 EPA 새 배기가스 규제안에 차업체들 반발','미국 환경보호청(EPA)이 준비중인 새로운 배기가스 규제가 자동차업체들에게 중대한 시련을 안겨 줄 것이라며 차업체 단체가 반발하고 있다.\r\n\r\n로이터 등에 따르면 미국에서 사업을 벌이는 자동차업체들의 모임인 AA는 9일(현지시간) 미국 환경보호청(EPA)이 내놓은 새로운 배기가스 규제 방안이 너무 급속한 전기차(EV)로의 이행이라며 이는 제조와 공급망에 중대한 시련을 초래할 것이라고 반발했다.\r\n\r\nAAI에는 미국 제너럴모터스(GM)와 토요타자동차, 폭스바겐(VW), 스텔란티스, 현대자동차 등이 가입돼 있다.\r\n\r\nEPA는 최근 승용차 등의 2032년 이산화탄소(CO2) 배출량을 2026년에 비해 56% 가량을 줄이는 것을 목표로 하는 새로운 배기가스 규제안을 발표했다.\r\n\r\nEPA는 엄격한 규제 도입으로 전기차 보급이 가속화되면서 신차 판매에서 차지하는 전기차의 비중이 2032년 67%로 높아질 것으로 예상했다.\r\n\r\n이에 대해 AAI는 \"EPA 규제안이 EV용 배터리, 모터, 충전기기 공급망 문제에 더해 소비자 저항까지 더해져 새로운 목표를 달성하기 어렵다\"고 지적하면서 \"자동차 제조업체, 근로자, 소비자 그리고 궁극적으로 미국 전역의 개인, 가구 및 기업 수요를 충족시키는 자동차 공급에 중대한 영향\"을 미칠 수 있다\"고 반박했다.\r\n\r\nEPA의 강화된 배기가스 규제안은 60일 간의 공개 의견수렴 기간을 거친 뒤 내년 초에 공포될 예정이다.\r\n\r\n이번 발표는 미국 재무부가 인플레이션 감축법(IRA)의 전기차 세액 공제 규정을 준수하는 방법에 대한 기업 지침을 발표한 지 얼마 안 돼 나온 것이다.\r\n\r\nAAI는 자동차 제조업체들이 전기화에 전념하고 있지만 충전 인프라 및 산업 공급망 구축에 대한 어려움과 중요한 광물 공급 문제로 인해 전기차 전환일정이 지연될 수 있다고 밝혔다.\r\n\r\n또한, 업계는 배기가스 기준 강화를 통해 전기화를 강요받는 것은 바람직하지 않으며, 이를 준수하기 위해 휘발유 차량을 보다 효율적으로 만드는 데 돈을 써야 한다고 지적했다.','2023-05-10 03:27:36','2023-05-10 03:29:29','01hannibal',1,1,2,NULL),(30,'포르쉐 중고','형님들 주말이 끝나감에 아쉬움이 그득하네요! \r\n\r\n다들 다시 한주를 시작할 충분한 휴식을 취하셨는지요 ! \r\n\r\n다름이 아니라 궁금한점이 하나 있는데, 이사이트를 보면 , 사이트에서 44키로 718카이맨gt4가 있더라구요\r\n\r\n \r\n\r\n카이맨 박스터가 대기가 그리 길고 다들 차만 기다리는데, 왜 그것을 구매하지는 않는 거라고 보시는지 궁금합니다 헤헤','2023-05-10 03:31:15','2023-05-10 03:42:50','user',1,1,3,NULL),(31,'아우디 s4랑 s5 스포츠백이랑 뭐가 다른가요?','차 사이즈도 거의 똑같고     제원 비교해보니 전장빼곤 거의 다 똑같던데 ㅡㅡ;\r\n\r\n심지어 전장도 s4가 더 길음 \r\n\r\n 디자인도 거의 비슷하던데\r\n\r\n \r\n\r\n무슨차이죠? \r\n\r\n \r\n\r\n옵션차이인가? ','2023-05-10 03:33:57','2023-05-10 03:33:57','plusmail2',1,0,0,NULL),(32,'즐거운 점심 시간^^이네혀..','저는 오늘도 회사 짬밥으로.. \r\n\r\n \r\n\r\n식사 맛있게 드셔요~~','2023-05-10 03:43:41','2023-05-10 04:03:06','plusmail2',1,2,5,NULL),(33,'일본사람도 여기서 차팔수있나요??','차팔러 왔스므니다','2023-05-10 03:45:36','2023-05-10 03:45:36','slghswld3',1,0,0,NULL),(34,'형님들 실내인테리어 설계직 어때유','담달 퇴사할건데 \r\n지금 일하는곳 인테리어 거래처사장님이\r\n\r\n제외모정도면 갠찮다고 하시면서 \r\n일 얘기하시더라구요\r\n\r\n \r\n\r\n한샘rd 직군인데 뭐 고객 면담하고 영업하고 as까지 하고\r\n\r\n한샘프로그램으로 설계 하는그런직군인데 \r\n괜찮으려나요 나이는 27살...','2023-05-10 03:48:38','2023-05-10 03:48:38','slghswld3',1,0,0,NULL),(35,'역시 한양은 공기가 다르네요~','으으음....이 쾌쾌한 건물 냄새 먼지 냄새...좋네요\r\n\r\n이쁜것도 많네요~','2023-05-10 03:49:03','2023-05-10 03:49:03','slghswld3',1,0,0,NULL),(36,'몸집 줄이기 나선 벤츠...후속작 없는 CLS 8월 생산 종료','전동화 정책과 수익성 강화를 외친 벤츠가 4도어 쿠페 시장을 개척한 CLS를 단종한다. 생산종료는 오는 8월로 더 이상의 후속작은 없다. \r\n메르세데스-벤츠가 CLS의 단종을 공식화했다. 2004년 첫 등장한 CLS는 중형세단 E클래스를 바탕으로 넉넉한 실내 공간과 스타일리시한 쿠페 디자인을 동시에 갖춰 벤츠의 주력 라인업으로 자리 잡은 바 있다. \r\n\r\n현재 판매 중인 3세대는 2017년 LA 모터쇼에서 공개된 뒤 2021년 페이스리프트를 거쳐 현재까지 이어오고 있다. \r\n\r\nCLS의 단종은 전기차 EQ의 확대와 기존 라인업을 줄여 수익성 확대를 노리는 벤츠의 차세대 전략 때문으로 알려졌다. \r\n\r\n대당 수익이 높은 중형차 이상의 판매에 집중하는 벤츠는 판매량이 저조한 C클래스와 E클래스 쿠페를 비롯해 CLA 슈팅브레이크 및 왜건 라인업 일부도 정리할 계획이다. \r\n\r\nCLS의 바통은 AMG GT 4도어 쿠페가 이어받는다. 회사 대변인은 “우리는 현재의 제품 포트폴리오를 소비자 입맛에 맞춰 변경 중이다. 향후 쿠페 라인업은 EQE와 EQS와 같은 매력적인 모델이 대안이 될 것이다”고 밝혔다. ','2023-05-10 03:50:23','2023-05-16 06:37:46','1limyoungwoong',1,0,2,NULL),(37,'페라리는 계속 순항중','프로산게 모델이  2025년까지의 물량이 예약이 되었다고 하네요.. ㄷㄷ','2023-05-10 05:29:12','2023-05-10 06:10:20','choseon01',1,1,3,NULL),(38,'볼트 ev 화재 리콜 떳네영','완충시 불날수 있을수 있다네영\r\n\r\n최근 충전 화재 관련인가 보네영','2023-05-10 05:40:34','2023-05-10 06:10:06','01yeopo01',1,1,3,NULL),(39,'고속도로 휴게소 공기압 맛집','휴게소마다 셀프서비스코너가 있습니다\r\n\r\n아시는 분이 많지만 모르시는분이 혹시 있을까 해서요\r\n\r\n보통 주유소 옆에 있는데요\r\n\r\n잘안보이는 곳에 숨어있는 경우도 있죠 ㅎ\r\n\r\n공기압 충전기로 5분이면 혼자 넣을 수 있고\r\n\r\n청소기 에어건 다 무료로 가능합니다\r\n\r\n분기에 한번만 들르면 적정공기압으로 승차감 연비 다 챙길 수 있어요','2023-05-10 05:53:44','2023-05-10 06:10:47','01euljimundeok',1,1,5,NULL),(40,'운행하면서 목격한 것중 어이가 없어 웃겼던 썰을 풀어봅니다','작년 9월 말, 서울 오토살롱 열린다기에 동생이랑 킨텍스를 다녀오는 길이었습니다.\r\n\r\n\r\n\r\n그냥 자동차 갖다놓은 것도 아니고 튜닝 관련 모터쇼였다보니, 일부 관람객들 마음 속에 뿌슝빠슝 뽕을 채워 넣었나 봅니다.\r\n\r\n\r\n\r\n끝나고 집에 가려는데, 자유로 진입하기 훨씬 전부터 튜닝이 겁나 되어있는 구형 흰색 소나타로 시작하여 뒤로 비엔나 소시지처럼 검은색 k5 등등 서너대가 가슴 속에 한껏 뽕을 채웠는지 데자뷰(aka.이니셜D ost)를 찍기 시작하더라고요ㅋㅋㅋㅋㅋ\r\n\r\n(동생 표현으로는 오토쇼 보고 스팀팩 올라와서 그렇다고...)\r\n\r\n\r\n\r\n제 차도 일반인이 보면 한 양카 하게 생겼습니다만, 옆에서 데자뷰 찍는 걸 보고 있으려니 급 겸손해지더랍니다ㅋㅋㅋ\r\n\r\n\r\n\r\n그러며 그 서너대가 훅 치고 나가서 자유로 진입 이후 저 멀리 사라지는 걸 봤는데, 아시겠지만 자유로 서울 방향은 어느 순간 급정체가 일어나는 구간이 있더라구요?\r\n\r\n\r\n\r\n아까 훅 치고 지나가며 데자뷰 찍던 바로  그 서너대가 자기들끼리 연쇄추돌 사고 일으켜서 옹기종기 일렬로 늘어서 있는 걸 바로 옆에서 보는데, 어이없어서 웃음이 난다는 게 이걸 말하나 싶었습니다ㅋㅋㅋ\r\n\r\n\r\n\r\n결론 : 오토쇼가 이렇게 무섭습니다??ㅋㅋㅋㅋㅋㅋㅋ\r\n\r\n암튼 운전 시작하고 1년동안 별 걸 봤는데, 아직까지는 이게 원탑입니다..','2023-05-10 06:12:13','2023-05-10 06:14:18','01jangryang01',1,1,2,NULL),(41,'아파트 단지 주차장에 트랙스가 슬슬 보이네요','신차라 그런지 눈에 확 띄네여\r\n\r\n \r\n\r\n액티브 모델 rs 모델 두대 봤네요\r\n\r\n \r\n\r\n웨건 스타일에 볼보보단 차고도 높아서\r\n\r\n \r\n\r\n스타일이 좋네요\r\n\r\n \r\n\r\n뒤에서 보면 좀 껑충해 보이긴 하는데\r\n\r\n \r\n\r\n옆이랑 앞 모습은 아주 이쁩니다\r\n\r\n \r\n\r\n아마 i30을 몰다가 차를 바꾸게 된다면\r\n\r\n \r\n\r\n트랙스를 살지도 모르겠네요','2023-05-10 06:32:46','2023-05-10 07:18:11','01jangwan',1,1,4,NULL),(42,'애플 카플레이나 안드로이드 오토를 쓰면 어떤점이 좋은건가요?','차량 구매후 2년동안 해당 기능을 사용하지 않다가 이번 연휴에 사용을 한번 해 봤습니다.\r\n\r\n\r\n\r\n아이폰으로 카플레이 해봤는데, 딱히 좋구나 하는 느낌을 받기가 어렵더라구요.\r\n\r\n\r\n\r\n아무래도 스마트폰으로는 네비를 많이 사용하는데, 휴대폰의 T맵이 카플레이의 T맵보다 더 자세히 나오고 사용하기가 편하네요.\r\n\r\n\r\n\r\n그리고 맥세이프 거치대에 거치해 놓으면 눈 높이와 비슷해서 눈만 살짝 돌리면 되는데, 카플레이 T맵은 시선을 아래로 떨구어서 봐야 하는 게 불편하더라구요. (이건 차량마다 다를 것 같기는 합니다)\r\n\r\n\r\n\r\n익숙하지 않아서 그런거 같기도 하고...\r\n\r\n\r\n\r\n대신 대시 보드 쪽에 휴대폰이 없으니 깔끔한 느낌이 있기는 하네요. \r\n\r\n\r\n\r\n그밖에 어플에 들어가봐도 애플 카플레이에서 사용할 수 있는 어플이 많지는 않네요. \r\n\r\n\r\n\r\n제가 잘 사용을 못하는 것일 수도 있을 것 같습니다.\r\n\r\n\r\n\r\n카플레이나 안드로이드 오토를 보통 어떻게들 사용하시나요?','2023-05-10 06:50:51','2023-05-10 07:27:01','01heojeo',1,1,4,NULL),(43,'초단거리, 시내주행 위주의 차량들 가끔 장거리를 타줘야 할까요?','출근길이 편도 5km정도 되고\r\n\r\n \r\n\r\n그 외 차량 운행 또한 99%가 서울 시내 주행, 즉 대부분이 가다서다인 극악의 환경 입니다.\r\n\r\n \r\n\r\n \r\n\r\n흔히들 말하는 상당한 가혹조건에 속하는 것 같은데\r\n\r\n \r\n\r\n주변에서는 가끔 장거리 주행을 해주는게 좋다고 하네요.\r\n\r\n \r\n\r\n그 외에 또 도움될만한 관리법이 있을까요?\r\n\r\n\r\n\r\n(엔진오일은 가혹조건에 맞춰 5000km마다 교체하고 있습니다.)\r\n\r\n \r\n\r\n \r\n\r\n차량은 k7 하이브리드 입니다.\r\n\r\n \r\n\r\n답변은 미리 감사드립니다!','2023-05-10 07:26:56','2023-05-11 10:17:58','01Juwonjang',1,1,4,NULL),(44,'차량용 폰 충전기 추천 부탁드립니다','차에 사용할만한 차량용 폰 충전기를 부탁드립니다.','2023-05-10 07:46:38','2023-05-11 05:16:30','dlalswjd23',1,1,3,NULL),(45,'현대차그룹, 전기차 국내 생산 인프라 대폭 확충','현대차·기아·제네시스 브랜드 전기차들이 글로벌 시장에서 극찬을 받고 있는 가운데 현대자동차그룹이 전동화 시대 \'퍼스트 무버\'로서 고객 기대를 뛰어넘는 제품 공급과 국내 산업 기반 강화를 위해 올해 국내 전기차 생산 능력 확충에 박차를 가한다.\r\n\r\n현대차그룹의 전기차 전용 공장 신설 및 전용 라인 전환 등을 통한 생산 능력 제고는 국가 전략기술인 전기차 분야 R&D∙제조 핵심 역량까지 강화해 관련 산업 생태계를 활성화하고 대한민국이 미래 모빌리티 강국으로 도약하는 데 초석을 다지기 위한 노력의 일환이다.\r\n\r\n현대차그룹은 9일 국가 경제 성장 견인의 핵심 산업 시설인 현대차 울산공장을 방문한 추경호 경제부총리 겸 기획재정부 장관에게 울산 전기차 전용 공장 신설 계획과 올해부터 국내 전기차 생산 능력을 더욱 확충함으로써 자동차 산업 미래 생태계 구축 고도화에 적극적으로 나선다는 구상을 설명했다.','2023-05-10 08:28:51','2023-05-11 08:33:11','ghdrhkdgh12',1,0,1,NULL),(46,'볼보 소형 전기 SUV EX30 내달 데뷔..402km 주행가능','볼보자동차는 그동안 내연기관 차량의 경우 대형부터 소형까지 크기만 다를 뿐 엇비슷한 디자인과 인테리어로 \'독일 소시지\'라는 평가를 받았다. 대형 SUV XC90, 중형 XC60, 소형 XC40이 대표적이다.\r\n\r\n\r\n\r\n이런 크기만 다른 소시지가 전기차에도 그대로 접목되는가 보다. 볼보가 다음달 선보일 소형 전기 SUV EX30이 먼저 나온 대형 SUV   EX90의 축소판이라서다.\r\n\r\n볼보자동차는 작년 전기차 판매량이 두 배로 증가했다. 전체 판매에서 전기차가 11%를 차지할 정도로 눈부신 성장을 거뒀다. 전기차 매출만 320억 달러(한화 약 42조3600억원)에 달했다. 볼보는 이런 성공을 올해도 이어가고 있다.\r\n\r\n\r\n지난 3월 중국 상하이모터쇼에서 선보인 볼보의 세 번째 전기차 EX90의 인기가 대단하다. 폭발적인 주문 폭주로 당분간 주문을 마감한 상황이다. 볼보는 다음달 사전 예약이 가능한 또 다른 전기 SUV EX30을 출시한다. 전기차 라인업을 확장하려는 볼보의 노력은 계속된다.\r\n\r\nEX30은 내연기관 XC40보다 작고 저렴한 보급형 전기 SUV다. 스페인 자동차 커뮤니티 코체스피아스에서 유출된 특허 이미지와 볼보가 9일 공개한 티저에 따르면 픽셀 스타일 헤드라이트를 비롯해 전면부 디자인은 EX90과 매우 유사하다. 테일 램프 또한 EX90이 떠오르지만 측면에 경사진 루프라인과 두꺼운 C 필러는 조금 다른 느낌이다.\r\n\r\nEX30은 중국 지리자동차의 전기차 전용 SEA 플랫폼 기반이다. 알루미늄 비중을 높여 무게를 줄인 SEA 플랫폼은 세단부터 SUV, 밴, 픽업트럭을 포함한 대형차까지 모두 사용이 가능하도록 설계됐다. EX30의 경우 200kW 싱글모터 후륜 구동 혹은 313kW 듀얼모터를 단 4륜구동 두 가지 구동방식으로 나온다.\r\n\r\n\r\n\r\n배터리 용량은 68kWh로 완충 시 유럽기준(WLTP) 약 402km 주행이 가능하다. 국내 기준으로는 300km 초중반에 해당한다. 유럽 기준에 비해 국내 기준이 통상 20% 이상 적게 나온다.','2023-05-10 08:41:02','2023-05-10 08:41:03','zhtksgh23',1,0,1,NULL),(47,'화성탐사선 닮은 테슬라X, 미래지향車…국내서 통할까?','테슬라코리아의 미디어 시승기회로 1박2일간 테슬라의 준대형 스포츠유틸리티차(SUV) 모델X 연식변경을 서울 도심지에서 주행해봤다. 현재 소프트웨어 중심차(SDV)의 정점인 테슬라답게 마치 차로 만들어진 컴퓨터에 탑승했다는 생각이 들 정도의 기능을 갖췄다.\r\n\r\n하지만 애플 카플레이 부재 등 부족한 호환성에 유난히 한국에서만 불편한 자체 내비게이션을 탑재해 오히려 주행에 방해가 되는 상황도 생겼다. 시승 루트는 서울 강남구 신사동부터 성동구, 관악구 등 강변북로를 통해 진행했다.\r\n\r\n테슬라의 전면 도어는 완전 자동이다. 손잡이를 누르면 차간 거리를 인식해서 필요한 만큼만 열린다. 열린 문을 탑승하면 내부에서 버튼을 눌러 편리하게 문을 닫을 수 있다. 내부에 앉으면 비워낸 듯한 디자인이 특징이다. 콘솔 조작기 같은 운전대와 계기판이 표시되는 디스플레이, 중간에는 고해상도 트루 컬러를 지원하는 17인치 디스플레이를 제외하곤 다른 것은 없다.','2023-05-10 08:50:38','2023-05-10 08:51:23','qhrwodnd1',1,0,3,NULL),(48,'둘 중 어떤 차주가 더 반사회적으로 보이시나요?','1. 저속주행 하고 있어서 상위차로로 추월 시도 하면 갑자기 본인도 속도 올리며 나란히 보조 맞추는 차량\r\n\r\n2. 충분히 거리 여유 둔 것 확인하고 깜빡이를 켜며 진입하려고 하니 갑자기 푸락셀 밟으며 간격 좁히는 후행차량\r\n\r\n    (+하이빔, 클락션 기본장착)\r\n\r\n\r\n\r\n운수 좋은 날엔 하루에 다 만나기도 합니다...ㅋㅋ\r\n\r\n저런 인성교육센터가 따로 있는지 궁금해서 직접 물어보고 싶었던 적이 한두번이 아니었네요.. ','2023-05-10 10:10:35','2023-05-11 08:32:18','1uhyunmin',1,1,3,NULL),(49,'차를 보수하고 아낀다는건 참으로 어려운거 같습니다.','몇일전 컴인워시서 외부세차하고 실내는 셀프세차장 가서 1시간정도 정성스레 차를 청소하였습니다.\r\n\r\n외부는 크게 신경쓰지 않는데 많은 돌빵을 보면서 그래~ 사두었던 붓펜으로 한번 칠해보자 하구\r\n\r\n밖에 나가서 몇번 하니 뭔가 할수록 더 더러워지는 느낌이고 날도 갑자기 더워져서 땀이나니깐 \r\n\r\n이걸 왜 하지?라는 생각에 다시 들어왔습니다 ㅠ\r\n\r\n그냥 저냥 잘 타다가 기변을 하던가 아니면 올도장을 하는게 성격상 맞을거 같습니다.\r\n\r\n\r\n\r\n차량 외부는 눈으로 봤을때 더럽지만 않으면 된다는 주의라서 큰 신경은 안쓰는데 음.......\r\n\r\n못하겠어여 ㅋㅋㅋㅋㅋㅋㅋㅋㅋㅋㅋㅋㅋㅋㅋ','2023-05-10 10:28:45','2023-05-12 01:45:22','s1nyejun',1,0,5,NULL),(50,'‘상품성 일취월장’ 포드 레인저 타보니… 픽업트럭 매력에 풍덩','포드코리아 신차 ‘레인저 와일드트랙’을 최근 시승했다. 신모델로 출시되며 상품성이 전반적으로 향상된 것이 특징이다. 외형은 포드 인기 모델인 F150과 비슷해졌으며, 실내는 첨단 기능들을 더해 신차다운 구성을 갖췄다.\r\n\r\n포드 F150은 풀사이즈 픽업트럭으로 국내에서 판매되지 않지만, 미국에서는 없어서 못 파는 인기차종이다. 신형 레인저는 F150을 비슷하게 닮았다. 특히 C자형 헤드램프 디자인은 쌍둥이처럼 똑같다. F150이 폭발적인 인기를 끄는 이유는 ‘듬직한 픽업트럭’의 디자인을 잘 살렸기 때문인데, 레인저도 흡사한 분위기를 연출했으며 구형 대비 디자인의 매력을 대폭 상승했다고 볼 수 있다.','2023-05-10 10:40:37','2023-05-11 08:32:46','kangkseok1',1,0,1,NULL),(51,'람보르기니 \'우라칸\' 차세대 디자인…얼마나 빠를까?','람보르기니는 지난해 기록적인 실적으로 웃으며 한 해를 마무리했다. \r\n\r\n올해도 그 기세를 이어 우루스S, 우루스 퍼포만테 슈퍼 SUV, 새로운 레부엘토 V12 플래그십 등 3가지 매력적인 모델을 선보인다. 특히 레부엘토는 플러그인 하이브리드로도 제공한다.\r\n\r\n이외에도 2025년형 우라칸 후속작이 계획 단계에 있다는 소식이 전해졌다. V10 엔진을 계승할 파워트레인을 예상하기 위해 인터넷은 갖은 소문과 추측으로 벌써부터 뜨겁다. \r\n\r\n현재까지 가장 유력한 후보는 트윈터보 V8 플러그인 하이브리드로 람보르기니 우루스 플러그인 하이브리드도 해당 파워트레인을 사용할 예정이다. \r\n\r\n현재 람보르기니는 우루스S 및 우루스 퍼포만테 슈퍼 SUV의 폭발적인 수요를 따라가느라 바쁜 데다, 레부엘토가 갓 출시됐기 때문에 또 다른 새로운 모델인 우라칸 후속 모델은 적어도 1년은 지나야 시장에 출시될 것으로 보인다. \r\n\r\n이에 앞서 디지털 자동차 콘텐츠 제작자 ‘huydrawingcars’는 벌써 2025년형 우라칸 후속작의 디자인을 예상하는 렌더링을 내놨다. 그는 이전에 아벤타도르 후속작의 디자인을 미리 예상해 가상 렌더링을 제작한 적이 있으며, 실제로 출시된 레부엘토와 굉장히 흡사해 네티즌들을 놀라게 했다. \r\n\r\n이번에 공개한 우라칸 후속작 렌더링 또한 실제 프로덕션 모델을 비슷하게 예언할지 팬들의 기대가 모이고 있다. \r\n\r\n','2023-05-10 11:03:23','2023-05-11 08:32:41','1ujongwu',1,0,2,NULL),(52,'벤틀리, 찰스 3세 대관식을 위한 비스포크 차량용 쿠션 선보여','음성으로 듣기번역 설정글씨크기 조절하기인쇄하기\r\n벤틀리모터스가 찰스 3세 영국 국왕과 카밀라 왕비의 대관식을 축하하기 위해 비스포크 차량용 쿠션을 제작했다. 벤틀리모터스는 지난 6일 거행된 대관식을 위해 벤틀리의 장인들이 수제작한 차량용 쿠션을 영국 왕실에 제공했다고 밝혔다.\r\n이번에 선보인 비스포크 쿠션은 찰스 3세와 카밀라 왕비의 대관식 행사에 투입된 벤틀리 차량을 위해 만들어졌다. 벤틀리모터스의 인테리어 마감을 책임지는 크루 공장의 가죽과 스티치 장인들이 섬세한 수공예 실력과 첨단 기술을 동원해 완벽한 왕실용 쿠션을 제작했다.\r\n벤틀리의 대관식 쿠션은 벤틀리 헤리티지 콜렉션 모델 중 하나이기도 한 1958년형 S1 컨티넨탈 플라잉 스퍼의 차량용 쿠션으로부터 영감을 받은 형태로 제작됐다. 쿠션은 총 4가지 색상으로 만들어졌으며 전면에는 대관식 공식 엠블럼이, 후면에는 찰스 3세와 카밀라 왕비의 모노그램이 자수로 새겨졌다.\r\n쿠션의 외피는 상처가 없는 북유럽산 소가죽을 엄선해 제작됐다. 대관식을 상징하는 공식 엠블럼은 정밀 디지털 측량을 통해 자수 형태로 옮겨졌으며, 장인이 손수 3만여 바늘의 스티치로 한 치의 오차도 없이 완성했다. 쿠션은 벤틀리 자동차와 동일한 수준의 품질 검수를 거쳐 완벽한 품질을 인증 받았다.\r\n총 4단계의 까다로운 수작업 공정을 통해 비스포크 쿠션 하나를 만드는 데에는 약 3시간 이상이 소요된다. 벤틀리는 대관식을 앞두고 3일에 걸쳐 12개의 쿠션을 제작했으며, 일반에는 판매되지 않는다.\r\n','2023-05-10 11:16:24','2023-05-11 08:32:52','namkunghy1',1,0,2,NULL),(53,'포드, EV9 등장에 위기감..3열 갖춘 전기 SUV 준비','전기차 시장이 대형 SUV와 픽업트럭으로 점차 확대되면서 이 분야의 최강자인 포드는 경쟁에서 앞서 1위를 목표로 하고 있다.\r\n이런 야심찬 목표를 달성하기 위해 포드는 3열 구성의 7인승 SUV를 이르면 내년께 출시할 계획이다. 1분기 실적 보고서에서 포드는 막대한 연구개발비 및 배터리 분야 투자로 전기차 1대당 6만 달러(한화 약 8000만원)의 손실을 보고했다. 하지만 내연기관차 및 상용차에서 포드는 여전히 빼어난 수익성을 유지해 흑자를 냈다.\r\n포드 머스탱 마하-E는 억지로 SUV를 연관시키는 의도가 다분해 많은 비판을 받았다.\r\n전기차 판매 손실이 대규모 투자로 피할 수 없는 부분이지만 포드는 그동안 전기차 분야에서 발생한 투자와 비용에 대해 솔직하게 털어놓으며 이 분야에서의 장기적인 성과에 대해 긍정적인 분석을 내놓고 있다.\r\n대표적으로 머스탱 마하-E의 생산량을 대폭 늘리는 낙관적인 움직임에도 불구하고 포드는 올해 초부터 테슬라의 잇따른 가격 인하로 인해 압박을 받고 있다. 5인승 SUV 시장은 여전히 테슬라 모델Y가 장악하고 있다. 모델Y는 올해 초 미국서 시작가격 6만 7190달러(한화 약 8900만원)에서 현재 4만 6690달러(한화 약 6200만원)로 하락했다. 포드는 머스탱 마하-E의 경쟁력을 유지하기 위해 울며 겨자먹기로 가격을 인하했다.\r\n포드의 경쟁사는 테슬라만이 아니다. 짐 팔리 포드 CEO는 “2025년까지 약 45개의 5인승 전기 SUV가 시장에 출시될 것”이라고 예측한다. 이어 “포화된 2열 크로스오버 모델들과 달리 포드 모델e는 높은 차별화를 가질 수 있다”고 덧붙였다. 3열 대형 SUV를 암시한 것이다.\r\n포드는 3열 SUV 고객으로 \"이전에 전기차를 사용해 본 적이 없는 소비자가 타깃\"이라고 밝혔다. 포드가 새롭게 발표할 3열 SUV는 유럽서 전기차 라인업 확장을 위해 이미 발표했던 모델보다 더 커질 것으로 보인다. 새로운 대형 3열 SUV는 이달 말 포드 인베스터데이에서 공개될 예정이다.','2023-05-10 11:40:18','2023-05-11 11:54:30','bongchunsu1',1,2,5,NULL),(54,'마세라티에 페라리까지 인기 시들. 효성그룹 FMK 작년 영업익 75% 급락','이탈리아 수퍼카 페라리와 마세라티를 수입 판매하는 효성그룹 계열 FMK가 지난해 판매부진으로 영업이익 75% 가량 줄었다.\r\n\r\nFMK는 (주)효성이 지난 2015년 동아원으로부터 지분 100%를 인수했으며 수퍼카 페라리의 꾸준한 판매 증가로 해마다 20-40억 원 가량의 영업이익을 기록해 왔다.\r\n\r\nFMK가 금융감독원에 제출한 2022 감사보고서에 따르면 지난해 매출액은 2,169억 원으로 전년대비 4.9%, 영업이익은 2억2천만 원으로 75%, 순이익은 36억 원으로 41%가 각각 감소했다.\r\n\r\nFMK는 지난해 마세라티 부문은 판매량이 560대로 전년대비 35%, 페라리 부분은 302대로 15.4%가 줄었다.\r\n\r\n영업이익 감소에도 FMK는 전년도 7억 원에 이어 지난해에도 10억 원을 지분 100%를 소유하고 있는 (주)효성에 배당했다.\r\n\r\n한편, 올 1-4월 기간 페라리 판매량은 106대로 14%가 증가했으나 마세라티는 100대로 전년대비 57.8%가 감소하는 등 부진이 이어지고 있다.','2023-05-10 11:52:20','2023-05-11 08:32:57','1hjuyoung',1,0,1,NULL),(55,'美보그워너, 글로벌 OEM 제조사로부터 상용 트럭 배터리전기차 전기 팬 (eFan) 사업 확보','보그워너(BorgWarner)가 유럽 및 북미 시장에서 사용될 고전압 eFan 시스템을 글로벌 상용차 OEM 제조사에 공급하도록 선정되었다. 이로써 보그워너는 북미에서 eFan 시스템 사업을 처음으로 선보이게 되며, 글로벌 시장 eFan고전압, 저전력 부문에서의 첫 성과다. 배터리 전기차(BEV)와 수소 연료 전기차(FCEVs)에 적용할 수 있는 eFan 시스템은 배터리 전기 트럭에 탑재되어 최상의 냉각 기능과 최고의 성능을 제공한다.\r\n보그워너는 이 프로젝트를 위해 팬, 전기 모터 및 통합 고전압 인버터를 통합한 eFan 시스템을 공급한다. eFan R10은 영하 40°C~80°C 작동 온도 범위에서 최대 10킬로와트(kW)의 전력과 40뉴턴미터(Nm)의 토크를 제공할 수 있다. 조 파둘(Joe Fadool), 보그워너 ETTS(Emissions, Thermal and Turbo Systems) 사장 겸 총괄 책임자는 \"보그워너는 팬 성능, 전기 모터 및 파워일렉트로닉 관련 전문 지식을 활용하여 다양한 전기차를 위한 고효율 eFan 시스템을 개발했다\"며 \"우리는 글로벌  OEM제조사와의 협력을 더욱 확장하여 고성능 eFan 공급으로 이어가고 더욱 깨끗하고 에너지 효율적인 세상을 만들기 위한 지속가능성 전략을 지원하게 되어 기쁘다\"고 말했다. 보그워너의 eFan 시스템은 출력 감소 없이 600볼트(V)에서 최대 850볼트(V)의 폭넓은 작동 전압 범위를 제공하여 다양한 고전압 상용차 전기 시스템과의 호환성을 보장한다. 장기적인 신뢰성을 위해 수냉식으로 설계된 전기 모터 및 파워일렉트로닉은 컴팩트하고 견고한 작동이 가능하다. 또한, 팬은 저속 작동에 최적화되어 있으며 높은 효율과 최소한의 소음으로 배터리를 충전 한다.\r\n','2023-05-10 12:04:07','2023-05-11 08:33:05','pyoiuk01',1,0,2,NULL),(56,'스코다, 놀라운 3600만원 7인승 콤팩트 전기 SUV','스코다가 전기차 시장의 진정한 게임 체인저를 준비하고 있다. 작고 저렴한 콤팩트 7인승 순수 전기차를 내놓겠다는 것이다.\r\n\r\n스코다는 경쟁사들이 가지 않는 행보를 통해 스스로 그 존재감을 증명해왔다. 이번에도 스코다는 단순하면서 저렴한 EV의 필요성을 인정하고, 그에 걸맞은 제품을 선보일 계획을 세웠다.\r\n\r\n스코다가 2026년 출시하겠다고 밝힌 콤팩트 전기 SUV는 전장이 약 4.1m 수준이다. 가격은 25,000유로(약 3600만 원)이며, 폭스바겐 그룹 공장에서 생산하게 된다. 이는 스코다의 기존 파비아 슈퍼 미니와 비슷한 크기이며, 파비아 슈퍼 미니보다 조금 더 비싸다.\r\n\r\n스코다 콤팩트 전기 SUV는 고품질의 저렴한 EV로 진정한 게임 체인저가 될 것으로 전망된다. 빠듯한 예산의 잠재적인 전기차 구매자들이 가장 환영할 모델이며, 적절한 상품성까지 갖춘다면 글로벌 소비자들을 빨아들일 것이라는 게 업계의 예상이다.','2023-05-10 12:17:01','2023-05-11 08:33:01','sonkwj01',1,0,2,NULL),(57,'콘티넨탈타이어, 권위 있는 다수 매체 평가 통해 최고 품질 입증','세계적인 기술 기업 콘티넨탈(http://www.continental-tires.co.kr)의 여름용 타이어 라인업이 유럽의 권위 있는 다수의 자동차 전문지, 자동차 클럽 및 온라인 전문지 평가에서 1위 또는 최고 등급을 받았다. 작년 국내 출시된 신형 스포트콘택트 7(SportContact 7)은 참가한 7건의 테스트에서 모두 우승을 차지했으며, 그중 3건은 \'뛰어남(Outstanding)\' 및 \'우수함(Superior)\' 등급을 받아 최고 품질을 입증했다. 특히, 지난해 국내 출시된 스포트콘택트 7은 이미 스포츠 아우토(Sport Auto), 아우토빌트(Auto Bild) 등 명망 있는 매거진에서 최고 등급을 받으며 그 우수함을 인정받은 바 있다.\r\n수많은 차량 제조업체의 표준 장착 타이어로 지속적으로 공급되고 있는 프리미엄콘택트 6(PremiumContact 6)는 \'아우토 모터/스포츠(Auto motor und sport)\' 매거진에서 \'매우 우수\'를, 독일 오토모빌 클럽(ADAC) 평가에서는 \'우수\' 등급으로 최고점을 받았으며, 신형 프리미엄콘택트 7(PremiumContact 7)은 4개의 테스트 중 2개에서 1위를 차지했고, 2개의 테스트에서 최고 등급을 받았다. 보리스 메르겔(Boris Mergell) 콘티넨탈 타이어 연구 개발 책임자는 \"다수의 평가에서 받은 우수한 테스트 결과는 콘티넨탈 타이어 제품의 높은 개발 능력 및 생산 수준을 보여준다\"며, \"콘티넨탈은 타이어의 안전 및 환경 특성에 중점을 두고 있으며, 여름용 타이어는 모든 기준을 충족한다. 이는 주행 특성과 지속가능성 측면에서 타이어 포트폴리오가 균형감 있게 발전하고 있음을 의미한다\"고 말했다.','2023-05-10 12:30:20','2023-05-11 11:44:34','hajisuu1',1,1,87,NULL),(73,'포르쉐 팔아요. 많은 연락부탁드립니다  ( 링크 有 )','진짜 깔끔하게 탔어요. \r\n링크타서 함 보시고 연락주세요 행님들 ㅎㅎ','2023-05-11 10:37:34','2023-05-11 10:55:19','chltlstlr3',1,2,5,54),(74,'이차 판매자분 계신가요?? (랜드로버) 링크있슴다','가격좀 싸면 살거같은데 흥정 가능하려나 몰겟네요 ㅎㅎ\r\n\r\n다른분들은 이차 이가격에 어떻다고 생각하심??','2023-05-11 10:41:37','2023-05-11 11:29:25','dltmdtjq3',1,2,5,56),(75,'커여운 미니버스 팔아용 많관부~','캠핑카용도로 쓸 16년식 현대뉴카운티에요^^\r\n\r\n깨끗하게 썻구용, 차박이나 캠핑좋아하시는분들한테 딱이에요!!\r\n\r\n흥정은... 정중하게 거절합니다!','2023-05-11 10:55:05','2023-05-16 06:37:32','hotdog1919',1,4,22,180),(76,'EV6 진짜 좋더라(링크有)','ㅎㅎ 2022년 4월쯤 EV6 출고해서 1년정도 탔는데 전기차중에서도 진짜 좋더라고여..\r\n\r\n다만 저는 고속도로 탈일이 많아서 전기충전하기가 아직은 좀 힘드네요..\r\n\r\n싸게 팔고있으니 많은 연락부탁해용~\r\n\r\n링크달아놨슴다','2023-05-11 11:27:47','2023-05-12 01:24:52','user',1,3,10,183),(77,'뚜벅이도 사람이다','무시하지마세요','2023-05-11 11:43:58','2023-05-11 12:27:03','rlaqudwp3',1,3,7,NULL),(78,'차사고싶다.','보통 다들 첫차 몇살때 사셧나요???','2023-05-11 11:45:19','2023-05-16 06:34:43','rlaqudwp3',1,1,4,NULL),(79,'포르쉐 파나메라vs카이엔 개고민되네..','둘다 이쁘게 잘빠져서 진짜 고민입니다...\r\n뭐사지..','2023-05-11 11:50:58','2023-05-11 12:26:54','chlwogh3',1,4,6,NULL),(80,'카이엔 ㅍㅍ','지금이제일싸다!!\r\n\r\n출퇴근용으로 딱!!','2023-05-11 11:55:43','2023-05-12 08:12:12','plusmail2',1,3,10,80),(81,'현대 일렉시티 버스 팔아요','많은 관심 부탁드려요~','2023-05-11 11:56:28','2023-05-12 01:57:55','ragnar02',1,2,13,NULL),(85,'ㅁㅁㅁㅁ','ㅁㅁㅁㅁㅁ','2023-05-12 02:52:28','2023-05-12 08:14:13','admin',1,1,5,NULL),(88,'병제씨','머하세요','2023-05-16 06:37:27','2023-05-17 00:32:51','skm0628',1,13,73,NULL),(90,'이차 100원에삽니다','판매자 연락주세요','2023-05-16 07:10:43','2023-06-21 03:36:19','skm0628',1,0,2,123),(91,'s','fd','2023-05-17 04:52:50','2023-06-21 02:33:39','admin',1,0,2,NULL);
/*!40000 ALTER TABLE `boards` ENABLE KEYS */;
UNLOCK TABLES;

--
-- Table structure for table `cars`
--

DROP TABLE IF EXISTS `cars`;
/*!40101 SET @saved_cs_client     = @@character_set_client */;
/*!50503 SET character_set_client = utf8mb4 */;
CREATE TABLE `cars` (
  `num` bigint NOT NULL AUTO_INCREMENT,
  `carNum` varchar(255) CHARACTER SET utf8mb4 COLLATE utf8mb4_0900_ai_ci NOT NULL,
  `user_id` varchar(100) CHARACTER SET utf8mb4 COLLATE utf8mb4_0900_ai_ci NOT NULL,
  `from` varchar(255) NOT NULL,
  `brand` varchar(255) NOT NULL,
  `model` varchar(255) CHARACTER SET utf8mb4 COLLATE utf8mb4_0900_ai_ci NOT NULL,
  `mile` bigint NOT NULL,
  `year` bigint NOT NULL,
  `fuel` varchar(100) NOT NULL,
  `trans` varchar(100) NOT NULL,
  `seater` varchar(255) NOT NULL,
  `disp` varchar(255) NOT NULL,
  `type` varchar(100) NOT NULL,
  `method` varchar(100) NOT NULL,
  `color` varchar(100) NOT NULL,
  `area` varchar(100) NOT NULL,
  `tel` varchar(100) NOT NULL,
  `picture` json NOT NULL,
  `roof` varchar(255) CHARACTER SET utf8mb4 COLLATE utf8mb4_0900_ai_ci NOT NULL,
  `nav` varchar(255) CHARACTER SET utf8mb4 COLLATE utf8mb4_0900_ai_ci NOT NULL,
  `key` varchar(255) CHARACTER SET utf8mb4 COLLATE utf8mb4_0900_ai_ci NOT NULL,
  `light` varchar(255) CHARACTER SET utf8mb4 COLLATE utf8mb4_0900_ai_ci NOT NULL,
  `sensor` varchar(255) CHARACTER SET utf8mb4 COLLATE utf8mb4_0900_ai_ci NOT NULL,
  `camera` varchar(255) CHARACTER SET utf8mb4 COLLATE utf8mb4_0900_ai_ci NOT NULL,
  `box` varchar(255) CHARACTER SET utf8mb4 COLLATE utf8mb4_0900_ai_ci NOT NULL,
  `leather` varchar(255) CHARACTER SET utf8mb4 COLLATE utf8mb4_0900_ai_ci NOT NULL,
  `heated` varchar(255) CHARACTER SET utf8mb4 COLLATE utf8mb4_0900_ai_ci NOT NULL,
  `airbag` varchar(255) CHARACTER SET utf8mb4 COLLATE utf8mb4_0900_ai_ci NOT NULL,
  `etc` varchar(255) DEFAULT NULL,
  `hashtag` varchar(100) DEFAULT NULL,
  `likes_count` int DEFAULT '0',
  `price` bigint NOT NULL,
  `status` int NOT NULL DEFAULT '1',
  `recommends` int NOT NULL DEFAULT '0',
  `createdAt` datetime NOT NULL,
  `updatedAt` datetime NOT NULL,
  PRIMARY KEY (`num`),
  UNIQUE KEY `cars_UN` (`carNum`),
  KEY `cars_FK` (`user_id`),
  CONSTRAINT `cars_FK` FOREIGN KEY (`user_id`) REFERENCES `users` (`id`) ON DELETE CASCADE ON UPDATE CASCADE
) ENGINE=InnoDB AUTO_INCREMENT=187 DEFAULT CHARSET=utf8mb4 COLLATE=utf8mb4_0900_ai_ci;
/*!40101 SET character_set_client = @saved_cs_client */;

--
-- Dumping data for table `cars`
--

LOCK TABLES `cars` WRITE;
/*!40000 ALTER TABLE `cars` DISABLE KEYS */;
INSERT INTO `cars` VALUES (9,'123가 1234','admin','수입','벤츠','G클래스',21211,2021,'휘발유','자동','5','1','SUV','사륜','카키','서울','0101111111123','[{\"url\": \"/carImg/61033_128902_232_1683595782526.jpg\", \"filename\": \"61033_128902_232_1683595782526.jpg\"}, {\"url\": \"/carImg/61033_128901_227_1683595782532.jpg\", \"filename\": \"61033_128901_227_1683595782532.jpg\"}, {\"url\": \"/carImg/61033_128900_213_1683595782535.jpg\", \"filename\": \"61033_128900_213_1683595782535.jpg\"}, {\"url\": \"/carImg/26575_84223_715_1683595782537.jpg\", \"filename\": \"26575_84223_715_1683595782537.jpg\"}]','1','1','1','1','1','1','1','1','1','undefined','풀옵션 지바겐 저렴하게 올립니다 연락주세요.','#벤츠 #지바겐 #g클래스 #수정',10,30000,1,1,'2023-05-08 07:12:27','2023-05-16 06:25:36'),(11,'23가 1823','skm0628','국산','제네시스','GV70',35000,2022,'휘발유','자동','4','1','SUV','사륜','그레이','대전','01046586515','[{\"url\": \"/carImg/gv70내부_1683533547927.jpg\", \"filename\": \"gv70내부_1683533547927.jpg\"}]','2','1','1','2','1','1','1','2','1','undefined','마누라가 차가 너무크다고 더 작은차를 원해서 올립니다.\r\n출퇴근용으로만 썼으며, 거의 새차급입니다.\r\n문자 남겨주세요','#GV70 #제네시스 #럭셔리',5,5500,1,0,'2023-05-08 08:12:27','2023-05-12 04:50:08'),(16,'13가 3213','ragnar01','국산','기아','K9',70000,2019,'휘발유','자동','4','1','대형차','전륜','블랙','울산','01058645155','[{\"url\": \"/carImg/k9_1683592055049.jpeg\", \"filename\": \"k9_1683592055049.jpeg\"}]','2','1','1','1','1','1','1','1','1','undefined','회장님 모시던 차라 깨끗하고 무사고 인증가능합니다.\r\n문자남겨주세요','#기아차 #기아 #K9 #거의새차',3,2000,1,0,'2023-05-09 00:27:35','2023-05-11 00:09:48'),(24,'126가 3457','Odinee01','수입','수입기타','도요타 캠리',20000,2022,'하이브리드','자동','4','1','중형차','전륜','실버','대구','01058575957','[{\"url\": \"/carImg/camry_1683610696636.jpg\", \"filename\": \"camry_1683610696636.jpg\"}]','1','1','1','1','1','1','1','1','1','undefined','풀옵션 무사고 준신차급','#도요타 #캠리 #풀옵션 #준신차급',2,3600,1,0,'2023-05-09 05:38:16','2023-05-11 00:04:51'),(25,'134나 3423','roki0001','국산','제네시스','G80',1365,2023,'휘발유','자동','5','1','대형차','사륜','블루','','01052349233','[{\"url\": \"/carImg/g80_1683611549379.jpg\", \"filename\": \"g80_1683611549379.jpg\"}]','1','1','1','1','1','1','1','1','1','undefined','무사고, 신차급 차량,  파노라마 선루프, 일반부품 포함 엔진 보증기간 잔존, 풀옵션','#제네시스 #현대 #멋진카 #풀옵션',2,7100,1,0,'2023-05-09 05:50:24','2023-05-10 13:03:32'),(26,'79다 5341','udir0001','국산','현대','포터2',45000,2019,'경유','수동','3','2','화물차','후륜','블루','대구','01056809567','[{\"url\": \"/carImg/porter_1683612661443.jpg\", \"filename\": \"porter_1683612661443.jpg\"}]','2','1','2','2','2','2','2','1','1','undefined','요소수 적용 모델이며 블루투스 핸즈프리, 열선 스티어링 휠 포함 기본옵션','#현대 #포터 #화물차 #업무용차',3,1300,1,0,'2023-05-09 06:11:01','2023-05-11 00:02:26'),(27,'49하 2358','udir0001','국산','현대','더 뉴 그랜드 스타렉스',80000,2018,'경유','자동','9','2','승합차','후륜','브라운','대구','','[{\"url\": \"/carImg/starlex_1683613637989.jpg\", \"filename\": \"starlex_1683613637989.jpg\"}]','1','1','2','2','2','2','2','1','1','undefined','듀얼 선루프, 하이패스 룸미러 및 통풍 시트 있음','#현대 #스타렉스 #9인승',3,2400,1,1,'2023-05-09 06:27:17','2023-05-09 07:34:10'),(28,'892나 2347','ragnar01','수입','아우디','SQ5',5200,2021,'휘발유','자동','5','1','중형차','사륜','블랙','서울','01049393293','[{\"url\": \"/carImg/audiq5_1683614584502.jpg\", \"filename\": \"audiq5_1683614584502.jpg\"}]','1','1','1','1','1','1','1','1','1','undefined','무사고 차량, 제조사 보증 잔존으로 편한 관리성','#아우디 #무사고 #풀옵션 #럭셔리',3,7000,1,0,'2023-05-09 06:43:04','2023-05-11 00:04:42'),(29,'23다 3489','Odinee01','국산','국산기타','르노 QM6',67000,2019,'휘발유','자동','4','2','SUV','전륜','쥐색','서울','01058575957','[{\"url\": \"/carImg/Renoqm6_1683615069595.jpg\", \"filename\": \"Renoqm6_1683615069595.jpg\"}]','1','1','1','2','1','1','1','1','1','undefined','파노라마 선루프, 드라이비 어시스트 패키지, 매직 테일게이트, S 링크패키지 등 장착됨','#르노코리아 #르노삼성 #QM6 #가성비',4,2000,1,0,'2023-05-09 06:51:09','2023-05-11 00:04:54'),(30,'171수 3462','roki0001','수입','BMW','4시리즈 (F32) 430i M 스포츠 컨버터블',74000,2018,'휘발유','자동','4','1','스포츠카','후륜','레드','부산','01054436322','[{\"url\": \"/carImg/bmw 4_1683621414360.jpg\", \"filename\": \"bmw 4_1683621414360.jpg\"}]','2','1','1','2','1','2','2','1','1','undefined','어댑티브 LED 헤드램프, LED 테일램프 탑재','#BMW #스포츠카 #빠른속도',9,4000,1,0,'2023-05-09 07:13:09','2023-05-11 00:09:33'),(31,'343우 5464','yubi0001','수입','벤츠','S-클래스 W222 S450L 4MATIC',77000,2020,'휘발유','자동','5','1','대형차','사륜','옵시디언 블랙','서울','01023491237','[{\"url\": \"/carImg/benz s class_1683617640552.jpg\", \"filename\": \"benz s class_1683617640552.jpg\"}]','1','1','1','1','1','1','1','1','1','undefined','주행거리 대비 우수한 외관컨디션, 블랙 천연가죽시트이 있으며 큰사용감없음','#벤츠 #S클래스 #고급차',7,10000,1,0,'2023-05-09 07:34:00','2023-05-11 00:09:40'),(32,'23후 8902','yubi0001','국산','기아','더 뉴 모닝 디럭스',36000,2016,'휘발유','자동','5','2','경차','전륜','','대전','01032789445','[{\"url\": \"/carImg/morning_1683618303488.jpg\", \"filename\": \"morning_1683618303488.jpg\"}]','2','1','2','2','1','1','2','1','1','undefined','무사고, 년식대비 짧은 주행거리로 사용감이 적은 차량','#기아 #기아차 #모닝 #경차',1,680,1,0,'2023-05-09 07:45:03','2023-05-09 07:45:03'),(33,'49러 3489','gwanu001','국산','쉐보레','더 뉴 스파크 마이핏 에디션',15000,2020,'휘발유','자동','5','2','경차','전륜','','세종','01078356125','[{\"url\": \"/carImg/spark_1683619711976.jpg\", \"filename\": \"spark_1683619711976.jpg\"}]','2','2','1','2','1','1','2','1','1','undefined','무사고 차량이며, 짧은 실주행거리, 쉐보레 인포테인먼트 시스템 추가 적용됨','#쉐보레 #스파크 #가성비',1,1200,1,0,'2023-05-09 08:08:31','2023-05-09 08:08:31'),(34,'54홍 3492','gwanu001','국산','현대','더 뉴 아이오닉 플러그인 하이브리드 Q',31438,2020,'하이브리드','자동','5','2','소형차','전륜','','의정부','01058213812','[{\"url\": \"/carImg/ionic_1683620874781.jpg\", \"filename\": \"ionic_1683620874781.jpg\"}]','2','1','2','2','1','1','2','1','1','undefined','연식 대비 짧은 주행거리, 컨비니언스 플러스, 현대 스마트센스 옵션 추가로 스마트 크루즈 컨트롤, 뒷자석 열선시트 등 선호 옵션 다수 적용','#현대차 #현대아이오닉 #아이오닉 #소형차',1,3000,1,0,'2023-05-09 08:27:54','2023-05-09 08:27:54'),(35,'39기 3289','sonkwon1','국산','쉐보레','뉴 다마스 2인승 판넬밴 슈퍼',35000,2020,'기타','수동','2','2','승합차','후륜','흰색','광주','01054812884','[{\"url\": \"/carImg/damas_1683622188483.jpg\", \"filename\": \"damas_1683622188483.jpg\"}]','2','2','2','2','2','2','2','1','2','undefined','적절한 주행거리, 희귀한 차량, 인기색상','#쉐보레 #뉴다마스 #희귀차 #경승합차',1,860,1,0,'2023-05-09 08:49:48','2023-05-09 08:49:48'),(36,'825소 6410','sonkwon1','국산','현대','포터2 CRDi 카고 초장축 더블캡 스마트',416,2023,'경유','자동','6','2','화물차','후륜','흰색','대구','01049234915','[{\"url\": \"/carImg/porter2_1683625553488.jpg\", \"filename\": \"porter2_1683625553488.jpg\"}]','2','1','2','1','1','1','2','1','1','undefined','무사고, 신차급 차량, 운전석 통풍시트, 적재함 덮개가 있음','#현대 #포터 #화물차 #업무용차',1,2500,1,0,'2023-05-09 09:45:53','2023-05-09 09:45:53'),(37,'39러 9147','jangryo1','국산','국산기타','르노코리아 더 뉴 SM6 가솔린 터보 1.3 RE',27,2023,'휘발유','자동','5','2','중형차','전륜','','광주','01023983423','[{\"url\": \"/carImg/sm6_1683628788755.jpg\", \"filename\": \"sm6_1683628788755.jpg\"}]','2','1','1','1','1','1','2','1','1','undefined','무사고, 신차급 차량, 일체형 무선 충전기, 파워트렁크 장착돼있음','#르노코리아 #르노삼성 #SM6 #신차급',1,2900,1,0,'2023-05-09 10:39:48','2023-05-09 10:39:48'),(38,'53처 2347','jangryo1','국산','기아','New 스포티지 디젤(VGT) 2WD TLX 최고급형',86000,2008,'경유','자동','5','2','SUV','전륜','쥐색','양산','01038723723','[{\"url\": \"/carImg/스포티지_1683629462464.jpg\", \"filename\": \"스포티지_1683629462464.jpg\"}]','1','2','2','2','1','2','2','1','1','undefined','무사고 차량, 연식대비 짧은 주행거리','#기아 #스포티지 #디젤차 #합리적인가격',1,570,1,0,'2023-05-09 10:50:51','2023-05-09 10:51:02'),(39,'343저 3403','samaeui1','국산','국산기타','르노코리아 SM5 뉴 임프레션 LE',102000,2007,'휘발유','자동','5','2','중형차','전륜','진주색','서울','01034832454','[{\"url\": \"/carImg/impression_1683631181310.jpg\", \"filename\": \"impression_1683631181310.jpg\"}]','2','2','1','1','1','2','2','1','1','undefined','연식대비 관리 상태가 좋음','#르노코리아 #르노삼성 #SM5 #가성비',1,420,1,0,'2023-05-09 11:19:41','2023-05-09 11:19:41'),(40,'282가 1531','samaeui1','수입','수입기타','포드 익스플로러 6세대 가솔린 4WD 2.3 리미티드',27000,2020,'휘발유','자동','7','1','SUV','사륜','쥐색','서울','01021831823','[{\"url\": \"/carImg/explorer_1683634994444.jpg\", \"filename\": \"explorer_1683634994444.jpg\"}]','1','1','1','1','1','1','2','1','1','undefined','선루프, 네비,후방카메라, 차서이탈 경보, 사각지대 경보, 어댑티브 크루즈 컨트롤, 통풍,열선,전동시트, 오토홀드, 전동트렁크 등 옵션 풍부\r\n포드 무상 A/S 보증기간 넉넉하게 남아있음','#포드 #익스플로러',5,3800,1,0,'2023-05-09 11:28:45','2023-05-09 12:23:14'),(41,'376부 8898','temujin01','수입','폭스바겐','올 뉴 제타 1.4 가솔린 1.4 프레스티지',4700,2020,'휘발유','자동','5','1','준중형차','전륜','쥐색','부산','01023748238','[{\"url\": \"/carImg/zeta_1683633451013.jpg\", \"filename\": \"zeta_1683633451013.jpg\"}]','1','1','1','1','1','1','1','1','1','undefined','무사고 차량 스마트 크루즈, 후측방 경보, 1열 열선, 통풍시트, 2열 열선시트, 전,후방 감지센터, 순정 내비게이션, 후방카메라 등 편의옵션이 많음','#폭스바겐 #제타 #짧은주행거리 #무사고차량',5,2600,1,0,'2023-05-09 11:57:31','2023-05-09 11:57:31'),(42,'32어 7673','temujin01','국산','현대','제네시스 쿠페 200 터보 P',126000,2009,'휘발유','자동','4','2','스포츠카','후륜','','부산','01038238258','[{\"url\": \"/carImg/kufe_1683634291723.jpg\", \"filename\": \"kufe_1683634291723.jpg\"}]','1','2','1','1','1','1','2','1','1','undefined','연식 대비 짧은 주행거리\r\n마니아층 형성된 인기차량','#현대 #제네시스쿠페 #스포츠카 #인기차량',1,640,1,0,'2023-05-09 12:11:31','2023-05-09 12:11:31'),(43,'04조 5077','kanggamchan1','국산','기아','올 뉴 모닝 (JA) 럭셔리',46000,2018,'휘발유','자동','5','2','경차','전륜','','대구','01034838433','[{\"url\": \"/carImg/morning_1683678717471.jpg\", \"filename\": \"morning_1683678717471.jpg\"}]','2','1','1','1','1','1','2','1','1','undefined','무사고 차량','#기아 #모닝 #경차',1,980,1,0,'2023-05-10 00:31:57','2023-05-10 00:31:57'),(44,'39류 4246','kanggamchan1','국산','기아','올 뉴 프라이드 1.6 GDI 해치백 프레스티지',72000,2012,'휘발유','자동','5','2','소형차','전륜','쥐색','구미','01021378123','[{\"url\": \"/carImg/kcar_60826325_001_1683679103085.jpg\", \"filename\": \"kcar_60826325_001_1683679103085.jpg\"}]','1','1','1','1','1','1','1','1','1','undefined','연식 대비 짧은 주행거리','#기아 #프라이드 #관리우수',1,865,1,0,'2023-05-10 00:38:23','2023-05-10 00:38:23'),(45,'50도 9813','wangkun01','국산','현대','더 뉴 아반떼 AD 1.6 스타일 스마트 초이스',19000,2019,'휘발유','자동','5','1','준중형차','전륜','흰색','대구','01034875373','[{\"url\": \"/carImg/avante_1683680607441.jpg\", \"filename\": \"avante_1683680607441.jpg\"}]','2','1','1','1','1','1','1','1','1','undefined','무사고 차량, 짧은 주행거리','#현대 #아반떼',1,1800,1,0,'2023-05-10 01:03:27','2023-05-10 01:03:27'),(47,'28루 1452','wangkun01','국산','기아','더 뉴 K3 노블레스',120000,2016,'휘발유','자동','5','1','준중형차','전륜','흰색','부산','01037832474','[{\"url\": \"/carImg/kcar_60822695_001_1683680843694.jpg\", \"filename\": \"kcar_60822695_001_1683680843694.jpg\"}]','1','1','1','1','1','1','1','1','1','undefined','메모리 시트, 풀오토에어컨, ECM 룸미러','#기아 #K3 #출퇴근용',1,1200,1,0,'2023-05-10 01:07:23','2023-05-10 01:11:44'),(49,'316라 1270','lisunsin01','국산','현대','쏘나타 DN8 2.0 가솔린 프리미엄 패밀리',87000,2020,'휘발유','자동','5','1','중형차','전륜','검은색','구미','01023847234','[{\"url\": \"/carImg/kcar_60822089_001_1683681418581.jpg\", \"filename\": \"kcar_60822089_001_1683681418581.jpg\"}]','1','1','1','1','1','1','1','1','1','undefined','무사고 차량, 사고 x','#현대 #쏘나타',1,2000,1,0,'2023-05-10 01:16:58','2023-05-10 01:16:58'),(50,'334가 7305','lisunsin01','국산','현대','더 뉴 그랜저 가솔린 3.3 캘리그래피',27000,2019,'휘발유','자동','5','1','중형차','전륜','연금색','부산','01032842383','[{\"url\": \"/carImg/kcar_60827166_001_1683681747272.jpg\", \"filename\": \"kcar_60827166_001_1683681747272.jpg\"}]','1','1','1','1','1','1','1','1','1','undefined','무사고차량, 풀옵션','#현대 #그랜저 #풀옵션 #무사고차량',1,4000,1,0,'2023-05-10 01:22:27','2023-05-10 01:22:27'),(51,'382오 5432','01kangyu','국산','쉐보레','더 뉴 카마로 SS 6.2',20000,2019,'휘발유','자동','4','1','스포츠카','후륜','검정색','대구','01023489238','[{\"url\": \"/carImg/kcar_60826929_001_1683682517556.jpg\", \"filename\": \"kcar_60826929_001_1683682517556.jpg\"}]','1','1','1','1','1','1','1','1','1','undefined','무사고 풀옵션 스포츠카','#쉐보레 #카마로 #스포츠카',1,4100,1,0,'2023-05-10 01:35:17','2023-05-10 01:35:17'),(52,'112누6000','Aherebirda3','수입','벤츠','S-클래스 W222 S450L 4MATIC',76000,2020,'휘발유','자동','5','1','대형차','사륜','블랙','전주','','[{\"url\": \"/carImg/스크린샷 2023-05-10 10-35-05_1683682639741.png\", \"filename\": \"스크린샷 2023-05-10 10-35-05_1683682639741.png\"}, {\"url\": \"/carImg/스크린샷 2023-05-10 10-35-21_1683682639749.png\", \"filename\": \"스크린샷 2023-05-10 10-35-21_1683682639749.png\"}, {\"url\": \"/carImg/스크린샷 2023-05-10 10-35-27_1683682639756.png\", \"filename\": \"스크린샷 2023-05-10 10-35-27_1683682639756.png\"}, {\"url\": \"/carImg/스크린샷 2023-05-10 10-35-39_1683682639759.png\", \"filename\": \"스크린샷 2023-05-10 10-35-39_1683682639759.png\"}]','1','1','2','1','1','1','1','1','1','undefined','신차가 약 1억7천만원 되는 차량입니다.\r\n싸게 넘깁니다. 무사고 인증가능','#벤츠 #무사고 #새차',3,10000,1,1,'2023-05-10 01:37:19','2023-05-11 00:03:50'),(53,'54가 5886','01kangyu','국산','현대','싼타페 TM 디젤 2.0 2WD 익스클루시브 스페셜',54000,2018,'경유','자동','5','1','SUV','전륜','쥐색','서울','01023472342','[{\"url\": \"/carImg/kcar_60824914_001_1683682715396.jpg\", \"filename\": \"kcar_60824914_001_1683682715396.jpg\"}]','1','1','1','1','1','1','1','1','1','undefined','','#현대 #산타페',1,2600,1,0,'2023-05-10 01:38:35','2023-05-10 01:38:35'),(54,'51조 4064','chltlstlr3','수입','포르쉐','박스터 3세대 3.8 스파이더',12000,2016,'휘발유','수동','2','1','스포츠카','사륜','흰색','수원','','[{\"url\": \"/carImg/스크린샷 2023-05-10 10-43-01_1683683085495.png\", \"filename\": \"스크린샷 2023-05-10 10-43-01_1683683085495.png\"}, {\"url\": \"/carImg/스크린샷 2023-05-10 10-43-06_1683683085501.png\", \"filename\": \"스크린샷 2023-05-10 10-43-06_1683683085501.png\"}, {\"url\": \"/carImg/스크린샷 2023-05-10 10-43-10_1683683085506.png\", \"filename\": \"스크린샷 2023-05-10 10-43-10_1683683085506.png\"}, {\"url\": \"/carImg/스크린샷 2023-05-10 10-43-23_1683683085512.png\", \"filename\": \"스크린샷 2023-05-10 10-43-23_1683683085512.png\"}]','1','1','1','1','1','1','1','1','1','undefined','2016년 10월식 포르쉐 박스터 3.8 스파이더 모델을 판매합니다.\r\n \r\n》연식대비 짧은 12,000km 실주행 차량임을 강조\r\n》현금차량/수동미션/무사고 운행 차량임을 강조\r\n》3,800cc 6기통 엔진 375마력 오픈 드라이빙 감성\r\n》2,500만원 상당 에어컨 추가장착된 차량임을 강조\r\n\r\n▶본 차량상태..\r\n- 수동미션\r\n- 무사고 운행\r\n- 12,000km 실주행\r\n- 375마력 6기통 엔진\r\n','#슈퍼카 #포르쉐 #여친',3,12980,1,0,'2023-05-10 01:44:45','2023-05-11 12:02:09'),(55,'824주2009','jangso01','국산','현대','스타리아 디젤 2.2 카고 5인승 모던',21000,2022,'경유','자동','5','2','승합차','전륜','검정색','전주','01043583475','[{\"url\": \"/carImg/kcar_60825452_001_1683683120011.jpg\", \"filename\": \"kcar_60825452_001_1683683120011.jpg\"}]','2','1','1','1','1','1','1','1','1','undefined','','#현대 #스타리아 #디젤 #승합차',1,3500,1,0,'2023-05-10 01:45:20','2023-05-10 01:45:20'),(56,'12무 7475','chltlstlr3','수입','수입기타','랜드로버 레인지로버 벨라 2.0 D240 SE',84000,2018,'경유','자동','5','1','SUV','사륜','블랙','구미','','[{\"url\": \"/carImg/스크린샷 2023-05-10 10-46-34_1683683272682.png\", \"filename\": \"스크린샷 2023-05-10 10-46-34_1683683272682.png\"}, {\"url\": \"/carImg/스크린샷 2023-05-10 10-46-39_1683683272686.png\", \"filename\": \"스크린샷 2023-05-10 10-46-39_1683683272686.png\"}, {\"url\": \"/carImg/스크린샷 2023-05-10 10-46-41_1683683272691.png\", \"filename\": \"스크린샷 2023-05-10 10-46-41_1683683272691.png\"}]','2','1','2','2','1','1','1','1','1','undefined','- 정식출고\r\n- 무사고 운행\r\n- 84,000km 실주행\r\n- 고품격 매력 블랙 바디\r\n- 정품 전동 사이드 스텝 적용\r\n- 240마력 디젤 쿠페형 라인 SUV\r\n- 자동 전개식 플러시 도어 핸들 적용\r\n- 시인성 높은 매트릭스 LED 헤드라이트 \r\n- 옵션으로 내비/후방캠/파노라마/전동트렁크/패들쉬프트/열선,전동,메모리 시트 등..','#멋짐 #웅장 #레인지로버',3,9000,1,0,'2023-05-10 01:47:52','2023-05-12 02:48:46'),(57,'130주4327','jangso01','국산','기아','더 뉴 기아 레이 프레스티지',97,2023,'휘발유','자동','5','1','경차','전륜','쥐색','수원','01032498324','[{\"url\": \"/carImg/kcar_60829456_001_1683683291464.jpg\", \"filename\": \"kcar_60829456_001_1683683291464.jpg\"}]','1','1','1','1','1','1','1','1','1','undefined','','#기아 #레이 #경차',1,1750,1,0,'2023-05-10 01:48:11','2023-05-10 01:48:11'),(58,'51라 8838','yukson01','국산','국산기타','르노코리아 조에 인텐스 에코',28000,2021,'전기','자동','5','1','소형차','전륜','흰색','광주','01042578957','[{\"url\": \"/carImg/kcar_60811168_001_1683684643294.jpg\", \"filename\": \"kcar_60811168_001_1683684643294.jpg\"}]','1','1','1','1','1','1','1','1','1','undefined','','#르노 #전기차 #소형차',1,2300,1,0,'2023-05-10 02:10:43','2023-05-10 02:10:43'),(59,'133어 6335','rlarbdhks3','수입','아우디','A5(F5) 가솔린 4WD 40 TFSI 콰트로 프리미엄 스포츠백',4600,2023,'휘발유','자동','5','1','중형차','사륜','블랙','대구','','[{\"url\": \"/carImg/스크린샷 2023-05-10 11-09-10_1683684747175.png\", \"filename\": \"스크린샷 2023-05-10 11-09-10_1683684747175.png\"}, {\"url\": \"/carImg/스크린샷 2023-05-10 11-09-21_1683684747182.png\", \"filename\": \"스크린샷 2023-05-10 11-09-21_1683684747182.png\"}, {\"url\": \"/carImg/스크린샷 2023-05-10 11-09-29_1683684747187.png\", \"filename\": \"스크린샷 2023-05-10 11-09-29_1683684747187.png\"}, {\"url\": \"/carImg/스크린샷 2023-05-10 11-09-36_1683684747191.png\", \"filename\": \"스크린샷 2023-05-10 11-09-36_1683684747191.png\"}]','1','1','1','2','1','1','1','2','1','undefined','※ 깔끔한 외관 컨디션 유지중이며 지점입고후 추가광택 작업완료 !\r\n※ 비흡연 차량이며 담배냄새 및 가죽헤짐 없는 깔끔한 컨디션 유지중 !\r\n※ 제조사 보증기간 잔존 차량으로 잔고장 부담없이 출고 가능한 모델 !\r\n※ 고가의 소모품 타이어 브릿지스톤 4EA 22년식 타이어 장착 차량입니다 .\r\n※ 구매이후 별도 정비 및 추가지출 없이 운행가능한 깔끔한 차량입니다 .','#1인소유 #준신차급 #제조사보증기간잔여',1,5290,1,0,'2023-05-10 02:12:27','2023-05-10 02:12:27'),(60,'58노 6015','yukson01','국산','현대','더 뉴 아이오닉 일렉트릭 Q',37000,2020,'전기','자동','5','1','준중형차','전륜','흰색','대구','01023890483','[{\"url\": \"/carImg/kcar_60782655_001_1683684845837.jpg\", \"filename\": \"kcar_60782655_001_1683684845837.jpg\"}]','1','1','1','1','1','1','1','1','1','undefined','','#현대 #아이오닉 #전기차',1,2700,1,0,'2023-05-10 02:14:05','2023-05-10 02:14:05'),(61,'160자 6605','qkrwlsgud3','수입','폭스바겐','파사트 GT (B8) TDI 프리미엄',47200,2021,'경유','자동','5','1','중형차','전륜','화이트','천안','','[{\"url\": \"/carImg/스크린샷 2023-05-10 11-17-01_1683685077476.png\", \"filename\": \"스크린샷 2023-05-10 11-17-01_1683685077476.png\"}, {\"url\": \"/carImg/스크린샷 2023-05-10 11-16-46_1683685077484.png\", \"filename\": \"스크린샷 2023-05-10 11-16-46_1683685077484.png\"}, {\"url\": \"/carImg/스크린샷 2023-05-10 11-16-37_1683685077490.png\", \"filename\": \"스크린샷 2023-05-10 11-16-37_1683685077490.png\"}, {\"url\": \"/carImg/스크린샷 2023-05-10 11-16-30_1683685077498.png\", \"filename\": \"스크린샷 2023-05-10 11-16-30_1683685077498.png\"}, {\"url\": \"/carImg/스크린샷 2023-05-10 11-16-17_1683685077502.png\", \"filename\": \"스크린샷 2023-05-10 11-16-17_1683685077502.png\"}, {\"url\": \"/carImg/스크린샷 2023-05-10 11-16-13_1683685077510.png\", \"filename\": \"스크린샷 2023-05-10 11-16-13_1683685077510.png\"}]','2','1','2','2','1','2','1','2','1','undefined','- 신차가 약 4,433만원 상당의 \"파사트 GT\" TDI 프리미엄 등급의 모델입니다.\r\n- 2024.03.30까지 제조사 무상 AS 기간 남아 서비스 받아보실 수 있습니다.\r\n- 1인소유 / 보험이력無/ 외부패널 교환없는 \"무사고\" 차량으로 진단되었습니다.','#폭스바겐 #파사트 #화이트',1,2900,1,0,'2023-05-10 02:17:57','2023-05-10 02:17:57'),(62,'23도6999','yukhang01','국산','현대','아이오닉 6 롱레인지 2WD 익스클루시브 플러스',5000,2023,'전기','자동','5','1','중형차','후륜','흰색','서울','01032852384','[{\"url\": \"/carImg/kcar_60793351_001_1683685414602.jpg\", \"filename\": \"kcar_60793351_001_1683685414602.jpg\"}, {\"url\": \"/carImg/kcar_60793351_004_1683685414604.jpg\", \"filename\": \"kcar_60793351_004_1683685414604.jpg\"}, {\"url\": \"/carImg/kcar_60793351_002_1683685414605.jpg\", \"filename\": \"kcar_60793351_002_1683685414605.jpg\"}, {\"url\": \"/carImg/kcar_60793351_003_1683685414607.jpg\", \"filename\": \"kcar_60793351_003_1683685414607.jpg\"}]','1','1','1','1','1','1','1','1','1','undefined','','#현대 #아이오닉 #전기차 #무사고차량',1,5000,1,0,'2023-05-10 02:23:34','2023-05-10 02:23:34'),(63,'243보 4368','qkrgkqls3','수입','볼보','볼보 XC60 2세대 D5 인스크립션',37000,2020,'경유','자동','5','1','SUV','전륜','화이트','대구','01085465555','[{\"url\": \"/carImg/스크린샷 2023-05-10 11-24-56_1683685563716.png\", \"filename\": \"스크린샷 2023-05-10 11-24-56_1683685563716.png\"}, {\"url\": \"/carImg/스크린샷 2023-05-10 11-24-49_1683685563720.png\", \"filename\": \"스크린샷 2023-05-10 11-24-49_1683685563720.png\"}, {\"url\": \"/carImg/스크린샷 2023-05-10 11-24-27_1683685563722.png\", \"filename\": \"스크린샷 2023-05-10 11-24-27_1683685563722.png\"}, {\"url\": \"/carImg/스크린샷 2023-05-10 11-24-19_1683685563724.png\", \"filename\": \"스크린샷 2023-05-10 11-24-19_1683685563724.png\"}, {\"url\": \"/carImg/스크린샷 2023-05-10 11-24-13_1683685563726.png\", \"filename\": \"스크린샷 2023-05-10 11-24-13_1683685563726.png\"}, {\"url\": \"/carImg/스크린샷 2023-05-10 11-24-03_1683685563728.png\", \"filename\": \"스크린샷 2023-05-10 11-24-03_1683685563728.png\"}]','1','1','1','1','1','1','1','1','1','undefined','● 진단결과 단순교환 없는 무사고 차량입니다\r\n● 소유자 변경 없는 1인 관리 차량\r\n● 제조사 보증기간 연장으로 잔존 차량으로 중고차 고장걱정 무\r\n● 전동트렁크, HUD, 자동주차보조 등 고급 옵션 다수!!','#무사고 #브라운시트 #짧은주행거리',2,5539,1,0,'2023-05-10 02:26:03','2023-05-10 02:26:03'),(64,'43다7792','yukhang01','국산','제네시스','G80 (RG3) 일렉트리파이드 e-AWD',20000,2021,'전기','자동','5','1','대형차','사륜','청색','청주','01023489545','[{\"url\": \"/carImg/kcar_60744320_004_1683685601351.jpg\", \"filename\": \"kcar_60744320_004_1683685601351.jpg\"}, {\"url\": \"/carImg/kcar_60744320_003_1683685601354.jpg\", \"filename\": \"kcar_60744320_003_1683685601354.jpg\"}, {\"url\": \"/carImg/kcar_60744320_002_1683685601356.jpg\", \"filename\": \"kcar_60744320_002_1683685601356.jpg\"}, {\"url\": \"/carImg/kcar_60744320_001_1683685601358.jpg\", \"filename\": \"kcar_60744320_001_1683685601358.jpg\"}]','1','1','1','1','1','1','1','1','1','undefined','','#제네시스 #G80 #일렉트리파이드 #전기차',3,8200,1,1,'2023-05-10 02:26:41','2023-05-11 00:04:13'),(65,'65사 8040','qkrgkqls3','수입','수입기타','도요타 뉴 캠리 2.5 XLE',109000,2012,'휘발유','자동','5','1','중형차','전륜','그레이','성남','01068451555','[{\"url\": \"/carImg/스크린샷 2023-05-10 11-28-13_1683685772784.png\", \"filename\": \"스크린샷 2023-05-10 11-28-13_1683685772784.png\"}, {\"url\": \"/carImg/스크린샷 2023-05-10 11-27-54_1683685772788.png\", \"filename\": \"스크린샷 2023-05-10 11-27-54_1683685772788.png\"}, {\"url\": \"/carImg/스크린샷 2023-05-10 11-27-43_1683685772790.png\", \"filename\": \"스크린샷 2023-05-10 11-27-43_1683685772790.png\"}, {\"url\": \"/carImg/스크린샷 2023-05-10 11-27-40_1683685772792.png\", \"filename\": \"스크린샷 2023-05-10 11-27-40_1683685772792.png\"}, {\"url\": \"/carImg/스크린샷 2023-05-10 11-27-33_1683685772794.png\", \"filename\": \"스크린샷 2023-05-10 11-27-33_1683685772794.png\"}, {\"url\": \"/carImg/스크린샷 2023-05-10 11-27-26_1683685772797.png\", \"filename\": \"스크린샷 2023-05-10 11-27-26_1683685772797.png\"}]','1','2','2','2','1','2','2','2','1','undefined','★[무사고]차량으로 CarCarO에서 직접 보증진단 완료하였습니다 !\r\n★출고시 리모컨키2개 / 차량메뉴얼 모두 보유하고 있습니다 !\r\n★연식대비 짧은주행거리 109,167Km 운행하였습니다 !\r\n★지점입고 후 꼼꼼히 진단 및 경정비를 완료한 차량으로 적극구매 추천드립니다 ^^','#도요타 #캠리 #가성비',1,1126,1,0,'2023-05-10 02:29:32','2023-05-10 02:29:32'),(66,'32두 7739','1gwakkeobyong','국산','현대','아이오닉 5 롱레인지 AWD 프레스티지',4000,2022,'전기','자동','5','1','SUV','사륜','쥐색','대구','01023895472','[{\"url\": \"/carImg/kcar_60751746_004_1683686144523.jpg\", \"filename\": \"kcar_60751746_004_1683686144523.jpg\"}, {\"url\": \"/carImg/kcar_60751746_002_1683686144525.jpg\", \"filename\": \"kcar_60751746_002_1683686144525.jpg\"}, {\"url\": \"/carImg/kcar_60751746_003_1683686144527.jpg\", \"filename\": \"kcar_60751746_003_1683686144527.jpg\"}, {\"url\": \"/carImg/kcar_60751746_001_1683686144528.jpg\", \"filename\": \"kcar_60751746_001_1683686144528.jpg\"}]','1','1','1','1','1','1','1','1','1','undefined','','#현대 #아이오닉 #전기차 #SUV',1,5000,1,0,'2023-05-10 02:35:44','2023-05-10 02:35:44'),(67,'165너 2959','dutmdqja3','수입','BMW','2시리즈 그란쿠페 (F44) 디젤 2WD 218d M 스포츠',30487,2021,'경유','자동','5','1','소형차','전륜','네이비','서울','01068458888','[{\"url\": \"/carImg/스크린샷 2023-05-10 11-35-24_1683686200993.png\", \"filename\": \"스크린샷 2023-05-10 11-35-24_1683686200993.png\"}, {\"url\": \"/carImg/스크린샷 2023-05-10 11-35-07_1683686200999.png\", \"filename\": \"스크린샷 2023-05-10 11-35-07_1683686200999.png\"}, {\"url\": \"/carImg/스크린샷 2023-05-10 11-34-54_1683686201006.png\", \"filename\": \"스크린샷 2023-05-10 11-34-54_1683686201006.png\"}, {\"url\": \"/carImg/스크린샷 2023-05-10 11-34-44_1683686201012.png\", \"filename\": \"스크린샷 2023-05-10 11-34-44_1683686201012.png\"}]','1','1','1','1','1','1','1','1','1','undefined','딸아이가 타고 다니던 차인데, 이번에 외국에 유학을 가게되서 처분합니다.\r\n애가 워낙 조심성이 많아 안전운전하여 무사고입니다. 차량깨끗합니다.','#BMW #218d',2,3400,1,0,'2023-05-10 02:36:41','2023-05-10 02:36:41'),(68,'95구0369','1gwakkeobyong','국산','현대','포터2 일렉트릭 초장축 슈퍼캡 프리미엄 스페셜',23000,2021,'전기','자동','3','1','화물차','후륜','흰색','춘천','01023895723','[{\"url\": \"/carImg/kcar_60823154_001_1683686381671.jpg\", \"filename\": \"kcar_60823154_001_1683686381671.jpg\"}, {\"url\": \"/carImg/kcar_60823154_002_1683686381673.jpg\", \"filename\": \"kcar_60823154_002_1683686381673.jpg\"}, {\"url\": \"/carImg/kcar_60823154_003_1683686381674.jpg\", \"filename\": \"kcar_60823154_003_1683686381674.jpg\"}, {\"url\": \"/carImg/kcar_60823154_004_1683686381676.jpg\", \"filename\": \"kcar_60823154_004_1683686381676.jpg\"}]','2','1','1','1','1','1','1','1','1','undefined','','#현대 #포터 #화물차 #전기차',2,2300,1,0,'2023-05-10 02:39:41','2023-05-10 02:39:41'),(69,'90무 3963','dutmdqja3','국산','현대','포터2 일렉트릭 초장축 슈퍼캡 스마트 스페셜',70839,2021,'전기','자동','3','2','화물차','후륜','화이트','부산','01084655555','[{\"url\": \"/carImg/스크린샷 2023-05-10 11-40-40_1683686516735.png\", \"filename\": \"스크린샷 2023-05-10 11-40-40_1683686516735.png\"}, {\"url\": \"/carImg/스크린샷 2023-05-10 11-40-27_1683686516740.png\", \"filename\": \"스크린샷 2023-05-10 11-40-27_1683686516740.png\"}, {\"url\": \"/carImg/스크린샷 2023-05-10 11-40-23_1683686516747.png\", \"filename\": \"스크린샷 2023-05-10 11-40-23_1683686516747.png\"}, {\"url\": \"/carImg/스크린샷 2023-05-10 11-39-49_1683686516753.png\", \"filename\": \"스크린샷 2023-05-10 11-39-49_1683686516753.png\"}, {\"url\": \"/carImg/스크린샷 2023-05-10 11-39-41_1683686516760.png\", \"filename\": \"스크린샷 2023-05-10 11-39-41_1683686516760.png\"}, {\"url\": \"/carImg/스크린샷 2023-05-10 11-39-35_1683686516766.png\", \"filename\": \"스크린샷 2023-05-10 11-39-35_1683686516766.png\"}]','2','2','1','1','1','2','2','2','1','undefined','1회 충전 211km ! 업무용으로 매우 효율적으로 유지 가능한 포터 일렉트릭 차량 입니다. 전국이전 가능하며, 1인소유 차량에 보험이력 조차 없는 깨끗한 이력이 메리트 있는 차량 입니다. 신차 가격 대비 저렴한 가격에 업무용으로 운행 가능한 차량이며, 향후 디젤 화물차는 점점 규제가 심해질 예정으로, 미리 전기차량 구매하시는게 득이 되실것 같습니다!','#포터 #전기트럭 #전기',1,1883,1,0,'2023-05-10 02:41:56','2023-05-10 02:41:56'),(70,'161부 6944','01hangwu','국산','현대','더 뉴 아이오닉 플러그인 하이브리드 Q',30000,2020,'하이브리드','자동','5','1','소형차','전륜','흰색','의정부','01032895483','[{\"url\": \"/carImg/kcar_60825486_004_1683687975968.jpg\", \"filename\": \"kcar_60825486_004_1683687975968.jpg\"}, {\"url\": \"/carImg/kcar_60825486_002_1683687975970.jpg\", \"filename\": \"kcar_60825486_002_1683687975970.jpg\"}, {\"url\": \"/carImg/kcar_60825486_001_1683687975971.jpg\", \"filename\": \"kcar_60825486_001_1683687975971.jpg\"}, {\"url\": \"/carImg/kcar_60825486_003_1683687975972.jpg\", \"filename\": \"kcar_60825486_003_1683687975972.jpg\"}]','1','1','1','1','1','1','1','1','1','undefined','','#현대 #아이오닉 #하이브리드차',1,3000,1,0,'2023-05-10 03:06:15','2023-05-10 03:06:15'),(71,'27누 9103','dksckdgus3','수입','벤츠','C-클래스 W205 C200',74775,2016,'휘발유','자동','5','1','준중형차','후륜','화이트','인천','01068558945','[{\"url\": \"/carImg/스크린샷 2023-05-10 12-05-11_1683687980196.png\", \"filename\": \"스크린샷 2023-05-10 12-05-11_1683687980196.png\"}, {\"url\": \"/carImg/스크린샷 2023-05-10 12-05-08_1683687980201.png\", \"filename\": \"스크린샷 2023-05-10 12-05-08_1683687980201.png\"}, {\"url\": \"/carImg/스크린샷 2023-05-10 12-04-58_1683687980206.png\", \"filename\": \"스크린샷 2023-05-10 12-04-58_1683687980206.png\"}, {\"url\": \"/carImg/스크린샷 2023-05-10 12-04-52_1683687980211.png\", \"filename\": \"스크린샷 2023-05-10 12-04-52_1683687980211.png\"}, {\"url\": \"/carImg/스크린샷 2023-05-10 12-04-13_1683687980216.png\", \"filename\": \"스크린샷 2023-05-10 12-04-13_1683687980216.png\"}, {\"url\": \"/carImg/스크린샷 2023-05-10 12-04-07_1683687980221.png\", \"filename\": \"스크린샷 2023-05-10 12-04-07_1683687980221.png\"}]','1','1','1','1','1','1','1','2','1','undefined','● 프레임 사고없음, 1인소유, 22년식 준신품급 타이어, 신차가격: 4,800만원\r\n● 기본옵션\r\n→ 내비게이션 + 후방카메라, 썬루프, LED헤드램프, 주의 어시스트, 충돌방지 어시스트\r\n→ 앞좌석 열선시트, 운전석 메모리시트','#프레임사고없음 #비흡연 #벤츠',2,2367,1,0,'2023-05-10 03:06:20','2023-05-10 03:06:20'),(72,'157너 6173','01hangwu','국산','현대','아반떼 하이브리드 (CN7) 인스퍼레이션',6000,2022,'하이브리드','자동','5','1','준중형차','전륜','청색','수원','01032842832','[{\"url\": \"/carImg/kcar_60802711_003_1683688307524.jpg\", \"filename\": \"kcar_60802711_003_1683688307524.jpg\"}, {\"url\": \"/carImg/kcar_60802711_001_1683688307525.jpg\", \"filename\": \"kcar_60802711_001_1683688307525.jpg\"}, {\"url\": \"/carImg/kcar_60802711_004_1683688307526.jpg\", \"filename\": \"kcar_60802711_004_1683688307526.jpg\"}, {\"url\": \"/carImg/kcar_60802711_002_1683688307527.jpg\", \"filename\": \"kcar_60802711_002_1683688307527.jpg\"}]','1','1','1','1','1','1','1','1','1','undefined','','#현대 #아반떼 #하이브리드차',2,3000,1,0,'2023-05-10 03:11:47','2023-05-10 03:11:47'),(73,'324노 6767','whdudcks3','수입','아우디','SQ5 (FY) 가솔린 4WD 3.0 TFSI 콰트로 스포트백',5190,2021,'휘발유','자동','5','1','SUV','사륜','청색','대구','01084545681','[{\"url\": \"/carImg/스크린샷 2023-05-10 12-13-42_1683688509610.png\", \"filename\": \"스크린샷 2023-05-10 12-13-42_1683688509610.png\"}, {\"url\": \"/carImg/스크린샷 2023-05-10 12-13-31_1683688509620.png\", \"filename\": \"스크린샷 2023-05-10 12-13-31_1683688509620.png\"}, {\"url\": \"/carImg/스크린샷 2023-05-10 12-13-22_1683688509632.png\", \"filename\": \"스크린샷 2023-05-10 12-13-22_1683688509632.png\"}, {\"url\": \"/carImg/스크린샷 2023-05-10 12-13-16_1683688509653.png\", \"filename\": \"스크린샷 2023-05-10 12-13-16_1683688509653.png\"}, {\"url\": \"/carImg/스크린샷 2023-05-10 12-13-09_1683688509663.png\", \"filename\": \"스크린샷 2023-05-10 12-13-09_1683688509663.png\"}, {\"url\": \"/carImg/스크린샷 2023-05-10 12-13-05_1683688509682.png\", \"filename\": \"스크린샷 2023-05-10 12-13-05_1683688509682.png\"}, {\"url\": \"/carImg/스크린샷 2023-05-10 12-12-40_1683688509686.png\", \"filename\": \"스크린샷 2023-05-10 12-12-40_1683688509686.png\"}]','2','1','1','1','1','1','1','1','1','undefined','♥이 차량의 KEY POINT!\r\n-3.0 TFSi 엔진으로 제로백 5초! 354마력, 50.9토크의 강력한 출력!!\r\n-외판 교체없이 운행된 무사고 차량!!\r\n-SQ5 4WD 3.0 차량 합리적인 금액으로 ★이번달까지만 판매합니다!!★','#웅장',2,7000,1,0,'2023-05-10 03:15:09','2023-05-10 03:15:09'),(74,'53나0655','whdudcks3','수입','아우디','뉴 A6 (C7) 40 TFSI 콰트로 스포츠 Tech C7',129744,2016,'휘발유','자동','5','2','중형차','사륜','연금색','대구','01085556848','[{\"url\": \"/carImg/스크린샷 2023-05-10 12-17-15_1683688705571.png\", \"filename\": \"스크린샷 2023-05-10 12-17-15_1683688705571.png\"}, {\"url\": \"/carImg/스크린샷 2023-05-10 12-17-10_1683688705573.png\", \"filename\": \"스크린샷 2023-05-10 12-17-10_1683688705573.png\"}, {\"url\": \"/carImg/스크린샷 2023-05-10 12-17-00_1683688705574.png\", \"filename\": \"스크린샷 2023-05-10 12-17-00_1683688705574.png\"}, {\"url\": \"/carImg/스크린샷 2023-05-10 12-16-44_1683688705577.png\", \"filename\": \"스크린샷 2023-05-10 12-16-44_1683688705577.png\"}, {\"url\": \"/carImg/스크린샷 2023-05-10 12-16-36_1683688705577.png\", \"filename\": \"스크린샷 2023-05-10 12-16-36_1683688705577.png\"}, {\"url\": \"/carImg/스크린샷 2023-05-10 12-16-31_1683688705579.png\", \"filename\": \"스크린샷 2023-05-10 12-16-31_1683688705579.png\"}]','2','1','2','2','2','2','1','2','1','undefined','▶[주행거리] 연식대비 짧은 키로수 유지중인 차량입니다!!\r\n▶[타이어4EA양호] 소모품 비용중 상당비용 차지하는 타이어4EA 상태 양호합니다!!','#가성비 #아우디 #A6',1,2158,1,0,'2023-05-10 03:18:25','2023-05-10 03:18:25'),(75,'137소8396','01hannibal','국산','현대','쏘나타 DN8 하이브리드 프리미엄 패밀리',25000,2021,'하이브리드','자동','5','1','중형차','전륜','검정색','서울','01023849823','[{\"url\": \"/carImg/kcar_60817441_001_1683688938345.jpg\", \"filename\": \"kcar_60817441_001_1683688938345.jpg\"}, {\"url\": \"/carImg/kcar_60817441_002_1683688938346.jpg\", \"filename\": \"kcar_60817441_002_1683688938346.jpg\"}, {\"url\": \"/carImg/kcar_60817441_003_1683688938348.jpg\", \"filename\": \"kcar_60817441_003_1683688938348.jpg\"}, {\"url\": \"/carImg/kcar_60817441_004_1683688938349.jpg\", \"filename\": \"kcar_60817441_004_1683688938349.jpg\"}]','1','1','1','1','1','1','1','1','1','undefined','','#현대 #쏘나타 #하이브리드차',1,3000,1,0,'2023-05-10 03:22:18','2023-05-10 03:22:18'),(76,'237조1841','01hannibal','국산','기아','K8 하이브리드 시그니처',25000,2022,'하이브리드','자동','5','1','대형차','전륜','쥐색','서울','01039248234','[{\"url\": \"/carImg/kcar_60822255_003_1683689097655.jpg\", \"filename\": \"kcar_60822255_003_1683689097655.jpg\"}, {\"url\": \"/carImg/kcar_60822255_004_1683689097656.jpg\", \"filename\": \"kcar_60822255_004_1683689097656.jpg\"}, {\"url\": \"/carImg/kcar_60822255_002_1683689097657.jpg\", \"filename\": \"kcar_60822255_002_1683689097657.jpg\"}, {\"url\": \"/carImg/kcar_60822255_001_1683689097658.jpg\", \"filename\": \"kcar_60822255_001_1683689097658.jpg\"}]','1','1','1','1','1','1','1','1','1','undefined','','#기아 #K8 #하이브리드차',1,4500,1,0,'2023-05-10 03:24:57','2023-05-10 03:24:57'),(77,'160모 7222','dlgusqo3','수입','볼보',' V60 크로스컨트리 2세대 가솔린 4WD B5 프로 AWD',4299,2022,'휘발유','자동','5','1','중형차','전륜','화이트','서울','01085495155','[{\"url\": \"/carImg/스크린샷 2023-05-10 12-24-54_1683689142403.png\", \"filename\": \"스크린샷 2023-05-10 12-24-54_1683689142403.png\"}, {\"url\": \"/carImg/스크린샷 2023-05-10 12-24-46_1683689142411.png\", \"filename\": \"스크린샷 2023-05-10 12-24-46_1683689142411.png\"}, {\"url\": \"/carImg/스크린샷 2023-05-10 12-24-37_1683689142424.png\", \"filename\": \"스크린샷 2023-05-10 12-24-37_1683689142424.png\"}, {\"url\": \"/carImg/스크린샷 2023-05-10 12-24-33_1683689142435.png\", \"filename\": \"스크린샷 2023-05-10 12-24-33_1683689142435.png\"}, {\"url\": \"/carImg/스크린샷 2023-05-10 12-24-31_1683689142450.png\", \"filename\": \"스크린샷 2023-05-10 12-24-31_1683689142450.png\"}, {\"url\": \"/carImg/스크린샷 2023-05-10 12-24-28_1683689142457.png\", \"filename\": \"스크린샷 2023-05-10 12-24-28_1683689142457.png\"}]','2','1','1','1','1','1','1','1','1','undefined','●VOLVO의 엄격한 품질기준을 통과한 V60CC B5 AWD PRO 모델을 판매 중 입니다.\r\n\r\n●차량안내\r\n\r\n-모델 및 등급 : V60CC B5 AWD PRO\r\n\r\n-최초등록일 및 연식 : 2022년 4월 5일 (2022년식)\r\n\r\n-주행거리 : 4,299km\r\n\r\n-색상 : 크리스탈 화이트\r\n\r\n-사고 및 수리이력 : 없음 (무사고)','#볼보 #안전의대명사',1,5100,1,0,'2023-05-10 03:25:42','2023-05-10 03:25:42'),(78,'175가 6603','dlgusqo3','수입','볼보','S90 B5 얼티메이트 브라이트',5029,2023,'휘발유','자동','5','1','대형차','후륜','화이트','서울','01085554698','[{\"url\": \"/carImg/스크린샷 2023-05-10 12-28-19_1683689353643.png\", \"filename\": \"스크린샷 2023-05-10 12-28-19_1683689353643.png\"}, {\"url\": \"/carImg/스크린샷 2023-05-10 12-28-17_1683689353652.png\", \"filename\": \"스크린샷 2023-05-10 12-28-17_1683689353652.png\"}, {\"url\": \"/carImg/스크린샷 2023-05-10 12-28-12_1683689353657.png\", \"filename\": \"스크린샷 2023-05-10 12-28-12_1683689353657.png\"}, {\"url\": \"/carImg/스크린샷 2023-05-10 12-28-08_1683689353661.png\", \"filename\": \"스크린샷 2023-05-10 12-28-08_1683689353661.png\"}, {\"url\": \"/carImg/스크린샷 2023-05-10 12-28-05_1683689353665.png\", \"filename\": \"스크린샷 2023-05-10 12-28-05_1683689353665.png\"}, {\"url\": \"/carImg/스크린샷 2023-05-10 12-28-01_1683689353667.png\", \"filename\": \"스크린샷 2023-05-10 12-28-01_1683689353667.png\"}, {\"url\": \"/carImg/스크린샷 2023-05-10 12-27-54_1683689353671.png\", \"filename\": \"스크린샷 2023-05-10 12-27-54_1683689353671.png\"}, {\"url\": \"/carImg/스크린샷 2023-05-10 12-27-49_1683689353674.png\", \"filename\": \"스크린샷 2023-05-10 12-27-49_1683689353674.png\"}]','1','1','1','1','1','1','1','1','1','undefined','●VOLVO의 엄격한 품질기준을 통과한 S90 B5 얼티메이트 브라이트 모델을 판매 중 입니다.\r\n-사고 및 수리이력 : 없음 (무사고)','#볼보 #S90',1,6300,1,0,'2023-05-10 03:29:13','2023-05-10 03:29:13'),(79,'378수 7222','plusmail2','수입','포르쉐','718 박스터 2.5 GTS',18700,2020,'휘발유','수동','2','1','스포츠카','사륜','화이트레드','대구','01075684848','[{\"url\": \"/carImg/스크린샷 2023-05-10 12-37-37_1683689982640.png\", \"filename\": \"스크린샷 2023-05-10 12-37-37_1683689982640.png\"}, {\"url\": \"/carImg/스크린샷 2023-05-10 12-37-33_1683689982645.png\", \"filename\": \"스크린샷 2023-05-10 12-37-33_1683689982645.png\"}, {\"url\": \"/carImg/스크린샷 2023-05-10 12-37-26_1683689982650.png\", \"filename\": \"스크린샷 2023-05-10 12-37-26_1683689982650.png\"}, {\"url\": \"/carImg/스크린샷 2023-05-10 12-37-24_1683689982656.png\", \"filename\": \"스크린샷 2023-05-10 12-37-24_1683689982656.png\"}, {\"url\": \"/carImg/스크린샷 2023-05-10 12-37-21_1683689982661.png\", \"filename\": \"스크린샷 2023-05-10 12-37-21_1683689982661.png\"}]','1','1','1','1','1','1','1','1','1','undefined','현재 보고 계신 차량은 포르쉐 정식 서비스 센터에서의 엄격한 111가지 인증점검과 성능점검을 통과한 차량이며\r\n보험내역,정비내역 조회가 가능 합니다.\r\n- 보유하신 포르쉐 차량에 대한 간소화되고 편리한 리스승계 매입과, 차량 구입시 포르쉐만의 경쟁력 있는 금융상품을 제공.\r\n\r\n- 보증기간내 24시간 긴급출동 서비스 제공.\r\n','#포르쉐 #상남자 #스포츠카',4,12200,1,1,'2023-05-10 03:39:42','2023-05-11 00:03:56'),(80,'296고 9510','plusmail2','수입','포르쉐','더 뉴 카이엔 (PO536) 4.0 터보',34345,2020,'휘발유','자동','5','1','SUV','사륜','블랙','대구','01048486585','[{\"url\": \"/carImg/스크린샷 2023-05-10 12-41-27_1683690149930.png\", \"filename\": \"스크린샷 2023-05-10 12-41-27_1683690149930.png\"}, {\"url\": \"/carImg/스크린샷 2023-05-10 12-41-13_1683690149937.png\", \"filename\": \"스크린샷 2023-05-10 12-41-13_1683690149937.png\"}, {\"url\": \"/carImg/스크린샷 2023-05-10 12-41-10_1683690149942.png\", \"filename\": \"스크린샷 2023-05-10 12-41-10_1683690149942.png\"}, {\"url\": \"/carImg/스크린샷 2023-05-10 12-41-07_1683690149945.png\", \"filename\": \"스크린샷 2023-05-10 12-41-07_1683690149945.png\"}, {\"url\": \"/carImg/스크린샷 2023-05-10 12-41-05_1683690149950.png\", \"filename\": \"스크린샷 2023-05-10 12-41-05_1683690149950.png\"}, {\"url\": \"/carImg/스크린샷 2023-05-10 12-41-01_1683690149954.png\", \"filename\": \"스크린샷 2023-05-10 12-41-01_1683690149954.png\"}]','2','1','1','1','1','1','1','1','1','undefined','깔끔하게 탔습니다.','#포르쉐 #강남싼타페 #더뉴카이엔',3,16200,1,1,'2023-05-10 03:42:29','2023-05-11 00:03:23'),(81,'84거 0702','1limyoungwoong','국산','국산기타','르노코리아 마스터 2.3 밴 L',2300,2019,'경유','수동','9','1','화물차','사륜','검정색','서울','01032488234','[{\"url\": \"/carImg/30871_203211_2241_1683690366090.jpg\", \"filename\": \"30871_203211_2241_1683690366090.jpg\"}]','1','1','1','1','1','1','1','1','1','undefined','','#르노코리아 #르노삼성 #밴',1,2500,1,0,'2023-05-10 03:46:06','2023-05-10 03:46:06'),(82,'328도 7104','1limyoungwoong','국산','제네시스','G80 (RG3) 가솔린 터보 2.5 스포츠 패키지 2WD',36000,2022,'휘발유','자동','5','1','대형차','후륜','빨간색','대구','01023874237','[{\"url\": \"/carImg/kcar_60823830_001_1683690576897.jpg\", \"filename\": \"kcar_60823830_001_1683690576897.jpg\"}, {\"url\": \"/carImg/kcar_60823830_002_1683690576900.jpg\", \"filename\": \"kcar_60823830_002_1683690576900.jpg\"}, {\"url\": \"/carImg/kcar_60823830_003_1683690576902.jpg\", \"filename\": \"kcar_60823830_003_1683690576902.jpg\"}, {\"url\": \"/carImg/kcar_60823830_004_1683690576902.jpg\", \"filename\": \"kcar_60823830_004_1683690576902.jpg\"}]','1','1','1','1','1','1','1','1','1','undefined','','#제네시스 #G80',1,5500,1,0,'2023-05-10 03:49:36','2023-05-10 03:49:36'),(83,'32거 4604','choseon01','국산','기아','스팅어 2.0 터보 2WD 플래티넘',43000,2019,'휘발유','자동','5','1','중형차','후륜','흰색','대전','01039284823','[{\"url\": \"/carImg/kcar_60827429_001_1683695700671.jpg\", \"filename\": \"kcar_60827429_001_1683695700671.jpg\"}, {\"url\": \"/carImg/kcar_60827429_002_1683695700674.jpg\", \"filename\": \"kcar_60827429_002_1683695700674.jpg\"}, {\"url\": \"/carImg/kcar_60827429_003_1683695700676.jpg\", \"filename\": \"kcar_60827429_003_1683695700676.jpg\"}, {\"url\": \"/carImg/kcar_60827429_004_1683695700678.jpg\", \"filename\": \"kcar_60827429_004_1683695700678.jpg\"}]','1','1','1','1','1','1','1','1','1','undefined','','#기아 #스팅어',1,3000,1,0,'2023-05-10 05:15:00','2023-05-10 05:15:00'),(84,'60라9911','choseon01','국산','현대','제네시스 DH G330 프리미엄',200000,2014,'휘발유','자동','5','1','대형차','후륜','쥐색','포항','01058485482','[{\"url\": \"/carImg/kcar_60826843_001_1683695959407.jpg\", \"filename\": \"kcar_60826843_001_1683695959407.jpg\"}, {\"url\": \"/carImg/kcar_60826843_002_1683695959411.jpg\", \"filename\": \"kcar_60826843_002_1683695959411.jpg\"}, {\"url\": \"/carImg/kcar_60826843_003_1683695959412.jpg\", \"filename\": \"kcar_60826843_003_1683695959412.jpg\"}, {\"url\": \"/carImg/kcar_60826843_004_1683695959413.jpg\", \"filename\": \"kcar_60826843_004_1683695959413.jpg\"}]','1','1','1','1','1','1','1','1','1','undefined','','#현대 #제네시스',1,1700,1,0,'2023-05-10 05:19:19','2023-05-10 05:19:19'),(85,'03노 2717','01yeopo01','국산','기아','더 뉴 모하비 디젤 3.0 4WD 프레지던트',170000,2017,'경유','자동','5','1','SUV','사륜','흰색','구미','01034783477','[{\"url\": \"/carImg/kcar_60825036_001_1683696926072.jpg\", \"filename\": \"kcar_60825036_001_1683696926072.jpg\"}, {\"url\": \"/carImg/kcar_60825036_003_1683696926074.jpg\", \"filename\": \"kcar_60825036_003_1683696926074.jpg\"}, {\"url\": \"/carImg/kcar_60825036_004_1683696926075.jpg\", \"filename\": \"kcar_60825036_004_1683696926075.jpg\"}]','1','1','1','1','1','1','1','1','1','undefined','','#기아 #모하비 #디젤차',1,2200,1,0,'2023-05-10 05:35:26','2023-05-10 05:35:26'),(86,'71버 0119','01yeopo01','국산','현대','더 뉴 그랜드 스타렉스 웨건 12인승 스마트',120000,2019,'경유','자동','12','2','승합차','후륜','','대구','01023478952','[{\"url\": \"/carImg/kcar_60825831_004_1683697148674.jpg\", \"filename\": \"kcar_60825831_004_1683697148674.jpg\"}, {\"url\": \"/carImg/kcar_60825831_003_1683697148677.jpg\", \"filename\": \"kcar_60825831_003_1683697148677.jpg\"}, {\"url\": \"/carImg/kcar_60825831_002_1683697148679.jpg\", \"filename\": \"kcar_60825831_002_1683697148679.jpg\"}, {\"url\": \"/carImg/kcar_60825831_001_1683697148680.jpg\", \"filename\": \"kcar_60825831_001_1683697148680.jpg\"}]','2','1','2','1','1','1','1','1','1','undefined','','#현대 #스타렉스 #12인승',1,2000,1,0,'2023-05-10 05:39:08','2023-05-10 05:39:08'),(87,'20주 2357','01euljimundeok','국산','기아','올 뉴 모닝 디럭스 트렌디',120000,2014,'휘발유','자동','5','2','경차','전륜','은색','부산','01023842374','[{\"url\": \"/carImg/kcar_60825060_004_1683697627292.jpg\", \"filename\": \"kcar_60825060_004_1683697627292.jpg\"}, {\"url\": \"/carImg/kcar_60825060_003_1683697627294.jpg\", \"filename\": \"kcar_60825060_003_1683697627294.jpg\"}, {\"url\": \"/carImg/kcar_60825060_002_1683697627298.jpg\", \"filename\": \"kcar_60825060_002_1683697627298.jpg\"}, {\"url\": \"/carImg/kcar_60825060_001_1683697627299.jpg\", \"filename\": \"kcar_60825060_001_1683697627299.jpg\"}]','2','2','2','1','1','2','2','1','1','undefined','','#기아 #모닝 #경차',1,500,1,0,'2023-05-10 05:47:07','2023-05-10 05:47:07'),(88,'66마 2265','01euljimundeok','국산','쉐보레','아베오 해치백 LT 최고급형',160000,2011,'휘발유','자동','5','2','소형차','전륜','청색','용인','01032847237','[{\"url\": \"/carImg/kcar_60819131_004_1683697815114.jpg\", \"filename\": \"kcar_60819131_004_1683697815114.jpg\"}, {\"url\": \"/carImg/kcar_60819131_003_1683697815116.jpg\", \"filename\": \"kcar_60819131_003_1683697815116.jpg\"}, {\"url\": \"/carImg/kcar_60819131_002_1683697815118.jpg\", \"filename\": \"kcar_60819131_002_1683697815118.jpg\"}, {\"url\": \"/carImg/kcar_60819131_001_1683697815119.jpg\", \"filename\": \"kcar_60819131_001_1683697815119.jpg\"}]','1','1','2','2','2','2','2','1','1','undefined','','#쉐보레 #아베오해치백',1,480,1,0,'2023-05-10 05:50:15','2023-05-10 05:50:15'),(89,'107무 6110','01jangryang01','국산','현대','아반떼 AD 1.6 LPI 스마',160000,2016,'기타','자동','5','2','준중형차','전륜','','오산','01083482346','[{\"url\": \"/carImg/kcar_60824627_004_1683698623014.jpg\", \"filename\": \"kcar_60824627_004_1683698623014.jpg\"}, {\"url\": \"/carImg/kcar_60824627_003_1683698623016.jpg\", \"filename\": \"kcar_60824627_003_1683698623016.jpg\"}, {\"url\": \"/carImg/kcar_60824627_002_1683698623018.jpg\", \"filename\": \"kcar_60824627_002_1683698623018.jpg\"}, {\"url\": \"/carImg/kcar_60824627_001_1683698623020.jpg\", \"filename\": \"kcar_60824627_001_1683698623020.jpg\"}]','2','2','2','1','1','1','1','1','1','undefined','','#현대 #아반떼 #LPG차',1,800,1,0,'2023-05-10 06:03:43','2023-05-10 06:03:43'),(90,'37머 3753','01jangryang01','국산','국산기타','르노코리아 SM5 뉴 임프레션 LE 익스클루시브',160000,2010,'휘발유','자동','5','2','중형차','전륜','','부산','01045834584','[{\"url\": \"/carImg/kcar_60827027_004_1683698995419.jpg\", \"filename\": \"kcar_60827027_004_1683698995419.jpg\"}, {\"url\": \"/carImg/kcar_60827027_003_1683698995422.jpg\", \"filename\": \"kcar_60827027_003_1683698995422.jpg\"}, {\"url\": \"/carImg/kcar_60827027_002_1683698995423.jpg\", \"filename\": \"kcar_60827027_002_1683698995423.jpg\"}, {\"url\": \"/carImg/kcar_60827027_001_1683698995424.jpg\", \"filename\": \"kcar_60827027_001_1683698995424.jpg\"}]','2','2','2','1','2','1','2','1','1','undefined','','#르노코리아 #SM5 #저렴한차',1,400,1,0,'2023-05-10 06:09:55','2023-05-10 06:09:55'),(91,'168노 9386','01jangwan','국산','현대','아슬란 G300 모던',190000,2016,'휘발유','자동','5','2','대형차','전륜','검정색','광주','01083834820','[{\"url\": \"/carImg/kcar_60797063_004_1683699607440.jpg\", \"filename\": \"kcar_60797063_004_1683699607440.jpg\"}, {\"url\": \"/carImg/kcar_60797063_003_1683699607441.jpg\", \"filename\": \"kcar_60797063_003_1683699607441.jpg\"}, {\"url\": \"/carImg/kcar_60797063_002_1683699607443.jpg\", \"filename\": \"kcar_60797063_002_1683699607443.jpg\"}, {\"url\": \"/carImg/kcar_60797063_001_1683699607443.jpg\", \"filename\": \"kcar_60797063_001_1683699607443.jpg\"}]','2','1','1','1','1','1','1','1','1','undefined','','#현대 #아슬란',1,1100,1,0,'2023-05-10 06:20:07','2023-05-10 06:20:07'),(92,'20라 5968','01jangwan','국산','현대','제네시스 쿠페 200 터보 P',127000,2009,'휘발유','자동','4','2','스포츠카','후륜','','부산','01023782347','[{\"url\": \"/carImg/kcar_60829685_004_1683699813639.jpg\", \"filename\": \"kcar_60829685_004_1683699813639.jpg\"}, {\"url\": \"/carImg/kcar_60829685_003_1683699813641.jpg\", \"filename\": \"kcar_60829685_003_1683699813641.jpg\"}, {\"url\": \"/carImg/kcar_60829685_002_1683699813643.jpg\", \"filename\": \"kcar_60829685_002_1683699813643.jpg\"}, {\"url\": \"/carImg/kcar_60829685_001_1683699813643.jpg\", \"filename\": \"kcar_60829685_001_1683699813643.jpg\"}]','1','2','1','1','1','2','2','1','1','undefined','','#현대 #제네시스쿠페 #스포츠카',1,650,1,0,'2023-05-10 06:23:33','2023-05-10 06:23:33'),(93,'35오 6155','01heojeo','국산','기아','더 뉴 스포티지 R 디젤 2WD 프레스티지',167000,2014,'경유','자동','5','1','SUV','전륜','흰색','대구','01034905834','[{\"url\": \"/carImg/kcar_60829465_004_1683700976143.jpg\", \"filename\": \"kcar_60829465_004_1683700976143.jpg\"}, {\"url\": \"/carImg/kcar_60829465_003_1683700976145.jpg\", \"filename\": \"kcar_60829465_003_1683700976145.jpg\"}, {\"url\": \"/carImg/kcar_60829465_002_1683700976148.jpg\", \"filename\": \"kcar_60829465_002_1683700976148.jpg\"}, {\"url\": \"/carImg/kcar_60829465_001_1683700976149.jpg\", \"filename\": \"kcar_60829465_001_1683700976149.jpg\"}]','1','1','1','1','1','1','1','1','1','undefined','','#현대 #스포티지 #SUV',1,800,1,0,'2023-05-10 06:42:56','2023-05-10 06:42:56'),(94,'88고 2745','01heojeo','국산','현대','그랜드 스타렉스 5인승 밴 CVX 럭셔리',139000,2014,'경유','자동','5','2','승합차','후륜','은색','인천','01034828342','[{\"url\": \"/carImg/kcar_60819892_004_1683701261197.jpg\", \"filename\": \"kcar_60819892_004_1683701261197.jpg\"}, {\"url\": \"/carImg/kcar_60819892_003_1683701261200.jpg\", \"filename\": \"kcar_60819892_003_1683701261200.jpg\"}, {\"url\": \"/carImg/kcar_60819892_001_1683701261202.jpg\", \"filename\": \"kcar_60819892_001_1683701261202.jpg\"}]','2','1','2','2','1','1','1','1','1','undefined','','#현대 #스타렉스',1,1100,1,1,'2023-05-10 06:46:46','2023-05-12 02:48:41'),(95,'326거 9899','01Juwonjang','수입','수입기타','피아트 500 1.4 컬러 플러스 1세대',90000,2015,'휘발유','자동','4','2','소형차','전륜','','천안','01023438903','[{\"url\": \"/carImg/kcar_60793214_004_1683702453596.jpg\", \"filename\": \"kcar_60793214_004_1683702453596.jpg\"}, {\"url\": \"/carImg/kcar_60793214_003_1683702453598.jpg\", \"filename\": \"kcar_60793214_003_1683702453598.jpg\"}, {\"url\": \"/carImg/kcar_60793214_002_1683702453598.jpg\", \"filename\": \"kcar_60793214_002_1683702453598.jpg\"}, {\"url\": \"/carImg/kcar_60793214_001_1683702453599.jpg\", \"filename\": \"kcar_60793214_001_1683702453599.jpg\"}]','1','2','2','2','1','1','2','1','1','undefined','','#피아트',1,1160,1,0,'2023-05-10 07:07:33','2023-05-10 07:07:33'),(96,'63나 0485','01Juwonjang','수입','수입기타','피아트 500 1.4 컬러 플러스 1세대',47700,2015,'휘발유','자동','4','1','소형차','전륜','갈색','서울','01048353452','[{\"url\": \"/carImg/kcar_60791700_004_1683702760481.jpg\", \"filename\": \"kcar_60791700_004_1683702760481.jpg\"}, {\"url\": \"/carImg/kcar_60791700_003_1683702760484.jpg\", \"filename\": \"kcar_60791700_003_1683702760484.jpg\"}, {\"url\": \"/carImg/kcar_60791700_002_1683702760485.jpg\", \"filename\": \"kcar_60791700_002_1683702760485.jpg\"}, {\"url\": \"/carImg/kcar_60791700_001_1683702760487.jpg\", \"filename\": \"kcar_60791700_001_1683702760487.jpg\"}]','1','2','2','2','1','1','2','1','1','undefined','','#피아트',1,1450,1,0,'2023-05-10 07:12:40','2023-05-10 07:12:40'),(97,'69어 7277','dlalswjd23','수입','수입기타','벤틀리 컨티넨탈 플라잉스퍼 스피드',56817,2013,'휘발유','자동','5','1','대형차','사륜','쥐색','성남','01032842394','[{\"url\": \"/carImg/kcar_60806859_004_1683704065545.jpg\", \"filename\": \"kcar_60806859_004_1683704065545.jpg\"}, {\"url\": \"/carImg/kcar_60806859_003_1683704065547.jpg\", \"filename\": \"kcar_60806859_003_1683704065547.jpg\"}, {\"url\": \"/carImg/kcar_60806859_002_1683704065548.jpg\", \"filename\": \"kcar_60806859_002_1683704065548.jpg\"}, {\"url\": \"/carImg/kcar_60806859_001_1683704065550.jpg\", \"filename\": \"kcar_60806859_001_1683704065550.jpg\"}]','1','1','1','1','1','1','1','1','1','undefined','','#벤틀리',1,6389,1,0,'2023-05-10 07:34:25','2023-05-10 07:34:25'),(98,'163가 9853','dlalswjd23','수입','수입기타','미니 쿠퍼 (3세대 F/L) 5도어 S 레솔루트 에디션',4941,2022,'휘발유','자동','5','1','소형차','전륜','녹색','성남','01023587984','[{\"url\": \"/carImg/kcar_60771790_001_1683704323267.jpg\", \"filename\": \"kcar_60771790_001_1683704323267.jpg\"}, {\"url\": \"/carImg/kcar_60771790_004_1683704323270.jpg\", \"filename\": \"kcar_60771790_004_1683704323270.jpg\"}, {\"url\": \"/carImg/kcar_60771790_003_1683704323271.jpg\", \"filename\": \"kcar_60771790_003_1683704323271.jpg\"}, {\"url\": \"/carImg/kcar_60771790_002_1683704323272.jpg\", \"filename\": \"kcar_60771790_002_1683704323272.jpg\"}]','1','1','1','1','1','1','1','1','1','undefined','','#미니 #쿠퍼',1,3799,1,0,'2023-05-10 07:38:43','2023-05-10 07:38:43'),(99,'126루 9147','ghdrhkdgh12','수입','수입기타','랜드로버 디스커버리 스포츠 2세대 P250 S',33168,2021,'휘발유','자동','5','1','SUV','사륜','쥐색','서울','01046934534','[{\"url\": \"/carImg/kcar_60818993_004_1683706319520.jpg\", \"filename\": \"kcar_60818993_004_1683706319520.jpg\"}, {\"url\": \"/carImg/kcar_60818993_003_1683706319522.jpg\", \"filename\": \"kcar_60818993_003_1683706319522.jpg\"}, {\"url\": \"/carImg/kcar_60818993_002_1683706319524.jpg\", \"filename\": \"kcar_60818993_002_1683706319524.jpg\"}, {\"url\": \"/carImg/kcar_60818993_001_1683706319525.jpg\", \"filename\": \"kcar_60818993_001_1683706319525.jpg\"}]','1','1','1','1','1','1','1','1','1','undefined','','#랜드로버 #디스커버리',1,4800,1,0,'2023-05-10 08:11:59','2023-05-10 08:11:59'),(100,'389고 7922','ghdrhkdgh12','수입','수입기타','랜드로버 레인지로버 이보크 2세대 5도어 디젤 2.0 D 180 R-다이나믹 SE',27027,2020,'경유','자동','5','1','SUV','사륜','연금색','서울','01023984238','[{\"url\": \"/carImg/kcar_60761279_004_1683706544155.jpg\", \"filename\": \"kcar_60761279_004_1683706544155.jpg\"}, {\"url\": \"/carImg/kcar_60761279_003_1683706544159.jpg\", \"filename\": \"kcar_60761279_003_1683706544159.jpg\"}, {\"url\": \"/carImg/kcar_60761279_002_1683706544160.jpg\", \"filename\": \"kcar_60761279_002_1683706544160.jpg\"}, {\"url\": \"/carImg/kcar_60761279_001_1683706544161.jpg\", \"filename\": \"kcar_60761279_001_1683706544161.jpg\"}]','1','1','1','1','1','1','1','1','1','undefined','','#랜드로버 #레인지로버 #이보크',1,5000,1,0,'2023-05-10 08:15:44','2023-05-10 08:15:44'),(101,'32가 8416','zhtksgh23','수입','수입기타','시트로엥 C3 에어크로스 디젤 1.5 샤인',36708,2019,'경유','자동','5','1','소형차','전륜','흰색','수원','01034957834','[{\"url\": \"/carImg/kcar_60822754_004_1683707732076.jpg\", \"filename\": \"kcar_60822754_004_1683707732076.jpg\"}, {\"url\": \"/carImg/kcar_60822754_003_1683707732078.jpg\", \"filename\": \"kcar_60822754_003_1683707732078.jpg\"}, {\"url\": \"/carImg/kcar_60822754_002_1683707732079.jpg\", \"filename\": \"kcar_60822754_002_1683707732079.jpg\"}, {\"url\": \"/carImg/kcar_60822754_001_1683707732079.jpg\", \"filename\": \"kcar_60822754_001_1683707732079.jpg\"}]','1','2','2','1','1','1','2','2','1','undefined','','#시트로엥 #C3',1,1700,1,0,'2023-05-10 08:35:32','2023-05-10 08:35:32'),(102,'355너 3584','zhtksgh23','수입','수입기타','시트로엥 DS7 크로스백 2.0 디젤 그랜드 시크',34785,2019,'경유','자동','5','1','SUV','전륜','흰색','청주','01058238923','[{\"url\": \"/carImg/kcar_60767273_004_1683707999879.jpg\", \"filename\": \"kcar_60767273_004_1683707999879.jpg\"}, {\"url\": \"/carImg/kcar_60767273_003_1683707999880.jpg\", \"filename\": \"kcar_60767273_003_1683707999880.jpg\"}, {\"url\": \"/carImg/kcar_60767273_002_1683707999881.jpg\", \"filename\": \"kcar_60767273_002_1683707999881.jpg\"}, {\"url\": \"/carImg/kcar_60767273_001_1683707999882.jpg\", \"filename\": \"kcar_60767273_001_1683707999882.jpg\"}]','1','1','1','1','1','1','1','1','1','undefined','','#시트로엥 #DS7',1,3216,1,0,'2023-05-10 08:39:59','2023-05-10 08:39:59'),(103,'243우 7792','qhrwodnd1','수입','수입기타','푸조 2008 2세대 1.5 디젤 알뤼르',10119,2022,'경유','자동','5','2','SUV','전륜','흰색','오산','01023874783','[{\"url\": \"/carImg/kcar_60826120_004_1683708388657.jpg\", \"filename\": \"kcar_60826120_004_1683708388657.jpg\"}, {\"url\": \"/carImg/kcar_60826120_003_1683708388659.jpg\", \"filename\": \"kcar_60826120_003_1683708388659.jpg\"}, {\"url\": \"/carImg/kcar_60826120_002_1683708388661.jpg\", \"filename\": \"kcar_60826120_002_1683708388661.jpg\"}, {\"url\": \"/carImg/kcar_60826120_001_1683708388663.jpg\", \"filename\": \"kcar_60826120_001_1683708388663.jpg\"}]','2','2','2','1','1','1','2','2','1','undefined','','#푸조',1,3000,1,0,'2023-05-10 08:46:28','2023-05-10 08:46:28'),(104,'23너 6485','qhrwodnd1','수입','수입기타','푸조 3008 2세대 1.2 Pure Tech GT',7697,2022,'휘발유','자동','5','1','SUV','전륜','흰색','안양','01038428342','[{\"url\": \"/carImg/kcar_60800953_004_1683708571432.jpg\", \"filename\": \"kcar_60800953_004_1683708571432.jpg\"}, {\"url\": \"/carImg/kcar_60800953_003_1683708571434.jpg\", \"filename\": \"kcar_60800953_003_1683708571434.jpg\"}, {\"url\": \"/carImg/kcar_60800953_002_1683708571435.jpg\", \"filename\": \"kcar_60800953_002_1683708571435.jpg\"}, {\"url\": \"/carImg/kcar_60800953_001_1683708571437.jpg\", \"filename\": \"kcar_60800953_001_1683708571437.jpg\"}]','1','1','1','1','1','1','1','1','1','undefined','','#푸조',1,3749,1,0,'2023-05-10 08:49:31','2023-05-10 08:49:31'),(105,'224모 9588','1uhyunmin','수입','수입기타','페라리 812 GTS 6.5 V12',2885,2021,'휘발유','자동','2','2','스포츠카','사륜','빨간색','서울','01034853832','[{\"url\": \"/carImg/kcarM_60825142_004_1683713050264.jpg\", \"filename\": \"kcarM_60825142_004_1683713050264.jpg\"}, {\"url\": \"/carImg/kcarM_60825142_003_1683713050266.jpg\", \"filename\": \"kcarM_60825142_003_1683713050266.jpg\"}, {\"url\": \"/carImg/kcarM_60825142_002_1683713050268.jpg\", \"filename\": \"kcarM_60825142_002_1683713050268.jpg\"}, {\"url\": \"/carImg/kcarM_60825142_001_1683713050270.jpg\", \"filename\": \"kcarM_60825142_001_1683713050270.jpg\"}]','2','2','1','2','1','1','2','1','2','undefined','','#페라리 #스포츠카',1,88000,1,0,'2023-05-10 10:04:10','2023-05-11 00:29:01'),(106,'291거 8010','1uhyunmin','수입','수입기타','마세라티 르반떼 3.0 AWD 그란루쏘',24630,2019,'휘발유','자동','5','1','SUV','사륜','쥐색','서울','01038422348','[{\"url\": \"/carImg/kcar_60825263_004_1683713330855.jpg\", \"filename\": \"kcar_60825263_004_1683713330855.jpg\"}, {\"url\": \"/carImg/kcar_60825263_003_1683713330856.jpg\", \"filename\": \"kcar_60825263_003_1683713330856.jpg\"}, {\"url\": \"/carImg/kcar_60825263_002_1683713330857.jpg\", \"filename\": \"kcar_60825263_002_1683713330857.jpg\"}, {\"url\": \"/carImg/kcar_60825263_001_1683713330858.jpg\", \"filename\": \"kcar_60825263_001_1683713330858.jpg\"}]','1','1','1','1','1','1','1','1','1','undefined','','#마세라티 #르반떼',1,7379,1,0,'2023-05-10 10:08:50','2023-05-10 10:08:50'),(107,'312도 7197','s1nyejun','수입','수입기타','링컨 코세어 가솔린 4WD 2.0 리저브 AWD',45571,2020,'휘발유','자동','5','1','SUV','사륜','쥐색','서울','01023424524','[{\"url\": \"/carImg/kcar_60787559_004_1683713983819.jpg\", \"filename\": \"kcar_60787559_004_1683713983819.jpg\"}, {\"url\": \"/carImg/kcar_60787559_003_1683713983823.jpg\", \"filename\": \"kcar_60787559_003_1683713983823.jpg\"}, {\"url\": \"/carImg/kcar_60787559_002_1683713983824.jpg\", \"filename\": \"kcar_60787559_002_1683713983824.jpg\"}, {\"url\": \"/carImg/kcar_60787559_001_1683713983825.jpg\", \"filename\": \"kcar_60787559_001_1683713983825.jpg\"}]','1','1','1','1','1','1','1','1','1','undefined','','#링컨 #코세어',1,3770,1,0,'2023-05-10 10:19:43','2023-05-10 10:19:43'),(108,'05로 6093','s1nyejun','수입','수입기타','링컨 컨티넨탈 10세대 3.0 프레지덴셜 AWD',72022,2017,'휘발유','자동','5','1','대형차','사륜','쥐색','서울','01034835495','[{\"url\": \"/carImg/kcar_60802630_004_1683714333080.jpg\", \"filename\": \"kcar_60802630_004_1683714333080.jpg\"}, {\"url\": \"/carImg/kcar_60802630_003_1683714333085.jpg\", \"filename\": \"kcar_60802630_003_1683714333085.jpg\"}, {\"url\": \"/carImg/kcar_60802630_002_1683714333086.jpg\", \"filename\": \"kcar_60802630_002_1683714333086.jpg\"}, {\"url\": \"/carImg/kcar_60802630_001_1683714333087.jpg\", \"filename\": \"kcar_60802630_001_1683714333087.jpg\"}]','1','1','1','1','1','1','1','1','1','undefined','','#링컨 #컨티넨탈',1,3332,1,0,'2023-05-10 10:25:33','2023-05-10 10:25:33'),(109,'04모 3429','kangkseok1','수입','수입기타','재규어 All New XJ 3.0D 프리미엄 럭셔리 LWB X351',79976,2017,'경유','자동','5','1','대형차','후륜','은색','성남','01034858383','[{\"url\": \"/carImg/kcar_60794058_004_1683715033626.jpg\", \"filename\": \"kcar_60794058_004_1683715033626.jpg\"}, {\"url\": \"/carImg/kcar_60794058_003_1683715033627.jpg\", \"filename\": \"kcar_60794058_003_1683715033627.jpg\"}, {\"url\": \"/carImg/kcar_60794058_002_1683715033628.jpg\", \"filename\": \"kcar_60794058_002_1683715033628.jpg\"}, {\"url\": \"/carImg/kcar_60794058_001_1683715033629.jpg\", \"filename\": \"kcar_60794058_001_1683715033629.jpg\"}]','1','1','1','1','1','1','1','1','1','undefined','','#재규어 #XJ',1,3440,1,0,'2023-05-10 10:37:13','2023-05-10 10:37:13'),(110,'06마 3348','kangkseok1','수입','수입기타','재규어 XF (X260) 25t 프레스티지',52703,2018,'휘발유','자동','5','1','중형차','후륜','흰색','일산','01045348583','[{\"url\": \"/carImg/kcar_60822190_005_1683715201092.jpg\", \"filename\": \"kcar_60822190_005_1683715201092.jpg\"}, {\"url\": \"/carImg/kcar_60822190_004_1683715201092.jpg\", \"filename\": \"kcar_60822190_004_1683715201092.jpg\"}, {\"url\": \"/carImg/kcar_60822190_003_1683715201093.jpg\", \"filename\": \"kcar_60822190_003_1683715201093.jpg\"}, {\"url\": \"/carImg/kcar_60822190_002_1683715201093.jpg\", \"filename\": \"kcar_60822190_002_1683715201093.jpg\"}, {\"url\": \"/carImg/kcar_60822190_001_1683715201093.jpg\", \"filename\": \"kcar_60822190_001_1683715201093.jpg\"}]','1','1','1','1','1','1','1','1','1','undefined','','#재규어 #XF',1,2568,1,0,'2023-05-10 10:40:01','2023-05-10 10:40:01'),(112,'297저 7696','1ujongwu','수입','수입기타','캐딜락 XT5 3.6 플래티넘 AWD',92951,2019,'휘발유','자동','5','1','SUV','사륜','검정색','청주','01034435545','[{\"url\": \"/carImg/kcar_60809052_004_1683716089844.jpg\", \"filename\": \"kcar_60809052_004_1683716089844.jpg\"}, {\"url\": \"/carImg/kcar_60809052_003_1683716089845.jpg\", \"filename\": \"kcar_60809052_003_1683716089845.jpg\"}, {\"url\": \"/carImg/kcar_60809052_002_1683716089845.jpg\", \"filename\": \"kcar_60809052_002_1683716089845.jpg\"}, {\"url\": \"/carImg/kcar_60809052_001_1683716089846.jpg\", \"filename\": \"kcar_60809052_001_1683716089846.jpg\"}]','1','1','1','1','1','1','1','1','1','undefined','','#캐딜락 #XT5',1,3392,1,0,'2023-05-10 10:54:49','2023-05-10 10:54:49'),(113,'164소 8310','1ujongwu','수입','수입기타','지프 컴패스 2세대 2.4 리미티드',9861,2022,'휘발유','자동','5','1','SUV','사륜','쥐색','부산','01045547872','[{\"url\": \"/carImg/kcar_60828146_004_1683716546866.jpg\", \"filename\": \"kcar_60828146_004_1683716546866.jpg\"}, {\"url\": \"/carImg/kcar_60828146_003_1683716546867.jpg\", \"filename\": \"kcar_60828146_003_1683716546867.jpg\"}, {\"url\": \"/carImg/kcar_60828146_002_1683716546868.jpg\", \"filename\": \"kcar_60828146_002_1683716546868.jpg\"}, {\"url\": \"/carImg/kcar_60828146_001_1683716546869.jpg\", \"filename\": \"kcar_60828146_001_1683716546869.jpg\"}]','1','1','1','1','1','1','1','1','1','undefined','','#지프 #컴패스',3,3651,1,0,'2023-05-10 11:02:26','2023-05-10 11:02:26'),(114,'83마 7656','namkunghy1','수입','수입기타','지프 올 뉴 그랜드 체로키 가솔린 3.6 L 서밋 리저브',59551,2021,'휘발유','자동','6','1','SUV','사륜','흰색','서울','01012812488','[{\"url\": \"/carImg/kcar_60824749_004_1683717101846.jpg\", \"filename\": \"kcar_60824749_004_1683717101846.jpg\"}, {\"url\": \"/carImg/kcar_60824749_003_1683717101848.jpg\", \"filename\": \"kcar_60824749_003_1683717101848.jpg\"}, {\"url\": \"/carImg/kcar_60824749_002_1683717101850.jpg\", \"filename\": \"kcar_60824749_002_1683717101850.jpg\"}, {\"url\": \"/carImg/kcar_60824749_001_1683717101852.jpg\", \"filename\": \"kcar_60824749_001_1683717101852.jpg\"}]','1','1','1','1','1','1','1','1','1','undefined','','#지프 #체로키',1,7362,1,0,'2023-05-10 11:11:41','2023-05-10 11:11:41'),(115,'182러 2026','namkunghy1','수입','수입기타','지프 레니게이드 2.4 리미티드 AWD',13274,2021,'휘발유','자동','5','1','SUV','사륜','흰색','광주','','[{\"url\": \"/carImg/kcar_60821353_004_1683717248922.jpg\", \"filename\": \"kcar_60821353_004_1683717248922.jpg\"}, {\"url\": \"/carImg/kcar_60821353_003_1683717248923.jpg\", \"filename\": \"kcar_60821353_003_1683717248923.jpg\"}, {\"url\": \"/carImg/kcar_60821353_002_1683717248924.jpg\", \"filename\": \"kcar_60821353_002_1683717248924.jpg\"}, {\"url\": \"/carImg/kcar_60821353_001_1683717248925.jpg\", \"filename\": \"kcar_60821353_001_1683717248925.jpg\"}]','1','1','1','1','1','1','1','1','1','undefined','','#지프 #레니게이드',1,3446,1,0,'2023-05-10 11:14:08','2023-05-10 11:14:08'),(116,'157조 5319','bongchunsu1','수입','수입기타','포드 머스탱 2.3 에코 부스터 프리미엄 쿠페',22486,2019,'휘발유','자동','4','1','스포츠카','후륜','하늘색','수원','01034583583','[{\"url\": \"/carImg/kcar_60804760_004_1683718520450.jpg\", \"filename\": \"kcar_60804760_004_1683718520450.jpg\"}, {\"url\": \"/carImg/kcar_60804760_003_1683718520451.jpg\", \"filename\": \"kcar_60804760_003_1683718520451.jpg\"}, {\"url\": \"/carImg/kcar_60804760_002_1683718520453.jpg\", \"filename\": \"kcar_60804760_002_1683718520453.jpg\"}, {\"url\": \"/carImg/kcar_60804760_001_1683718520454.jpg\", \"filename\": \"kcar_60804760_001_1683718520454.jpg\"}]','1','1','1','1','1','1','1','1','1','undefined','','#포드 #머스탱',2,3839,1,0,'2023-05-10 11:35:20','2023-05-10 11:35:20'),(117,'231노 7596','bongchunsu1','수입','수입기타','포드 몬데오 4세대 2.0 트렌드',86311,2016,'경유','자동','5','1','중형차','전륜','쥐색','인천','01045823874','[{\"url\": \"/carImg/kcar_60792017_004_1683718733863.jpg\", \"filename\": \"kcar_60792017_004_1683718733863.jpg\"}, {\"url\": \"/carImg/kcar_60792017_003_1683718733865.jpg\", \"filename\": \"kcar_60792017_003_1683718733865.jpg\"}, {\"url\": \"/carImg/kcar_60792017_002_1683718733867.jpg\", \"filename\": \"kcar_60792017_002_1683718733867.jpg\"}, {\"url\": \"/carImg/kcar_60792017_001_1683718733871.jpg\", \"filename\": \"kcar_60792017_001_1683718733871.jpg\"}]','1','1','1','1','1','1','1','1','1','undefined','','#포드 #몬데오',1,1061,1,0,'2023-05-10 11:38:53','2023-05-10 11:38:53'),(118,'29부 5102','1hjuyoung','수입','수입기타','포드 퓨전 2.5 1세대',57086,2011,'휘발유','자동','5','1','중형차','전륜','검정색','서울','01045854455','[{\"url\": \"/carImg/kcar_60821538_004_1683719181190.jpg\", \"filename\": \"kcar_60821538_004_1683719181190.jpg\"}, {\"url\": \"/carImg/kcar_60821538_003_1683719181193.jpg\", \"filename\": \"kcar_60821538_003_1683719181193.jpg\"}, {\"url\": \"/carImg/kcar_60821538_002_1683719181194.jpg\", \"filename\": \"kcar_60821538_002_1683719181194.jpg\"}, {\"url\": \"/carImg/kcar_60821538_001_1683719181195.jpg\", \"filename\": \"kcar_60821538_001_1683719181195.jpg\"}]','1','1','1','1','1','1','1','1','1','undefined','','#포드 #퓨전',1,716,1,0,'2023-05-10 11:46:21','2023-05-10 11:46:21'),(119,'128루 9900','1hjuyoung','수입','벤츠','S-클래스 W222 마이바흐 S560 4MATIC',69751,2020,'휘발유','자동','5','1','대형차','사륜','검정색','대구','01038235238','[{\"url\": \"/carImg/kcar_60800991_004_1683719473798.jpg\", \"filename\": \"kcar_60800991_004_1683719473798.jpg\"}, {\"url\": \"/carImg/kcar_60800991_003_1683719473799.jpg\", \"filename\": \"kcar_60800991_003_1683719473799.jpg\"}, {\"url\": \"/carImg/kcar_60800991_002_1683719473800.jpg\", \"filename\": \"kcar_60800991_002_1683719473800.jpg\"}, {\"url\": \"/carImg/kcar_60800991_001_1683719473801.jpg\", \"filename\": \"kcar_60800991_001_1683719473801.jpg\"}]','1','1','1','1','1','1','1','1','1','undefined','믿고타는 마이바흐 아니겠습니까? 문자로 연락주세요','#벤츠 #S클래스 #고급차',3,13630,1,0,'2023-05-10 11:51:13','2023-05-10 11:51:13'),(120,'333주 9831','pyoiuk01','수입','벤츠','S-클래스 W222 S450L 4MATIC',28677,2020,'휘발유','자동','5','1','대형차','사륜','검정색','부산','01048238583','[{\"url\": \"/carImg/kcar_60809022_004_1683719841063.jpg\", \"filename\": \"kcar_60809022_004_1683719841063.jpg\"}, {\"url\": \"/carImg/kcar_60809022_003_1683719841065.jpg\", \"filename\": \"kcar_60809022_003_1683719841065.jpg\"}, {\"url\": \"/carImg/kcar_60809022_002_1683719841066.jpg\", \"filename\": \"kcar_60809022_002_1683719841066.jpg\"}, {\"url\": \"/carImg/kcar_60809022_001_1683719841067.jpg\", \"filename\": \"kcar_60809022_001_1683719841067.jpg\"}]','1','1','1','1','1','1','1','1','1','undefined','','#벤츠 #S클래스 #고급차',1,11091,1,0,'2023-05-10 11:57:21','2023-05-10 11:57:21'),(121,'26저7489','pyoiuk01','수입','BMW','i3 (I01) 솔+ (94ah)',73376,2018,'휘발유','자동','4','1','소형차','후륜','빨간색','서울','01034523523','[{\"url\": \"/carImg/kcar_60793907_004_1683720148601.jpg\", \"filename\": \"kcar_60793907_004_1683720148601.jpg\"}, {\"url\": \"/carImg/kcar_60793907_003_1683720148602.jpg\", \"filename\": \"kcar_60793907_003_1683720148602.jpg\"}, {\"url\": \"/carImg/kcar_60793907_002_1683720148603.jpg\", \"filename\": \"kcar_60793907_002_1683720148603.jpg\"}, {\"url\": \"/carImg/kcar_60793907_001_1683720148604.jpg\", \"filename\": \"kcar_60793907_001_1683720148604.jpg\"}]','1','1','1','1','1','1','1','1','1','undefined','','#BMW #i3',2,2799,1,0,'2023-05-10 12:02:28','2023-05-10 12:02:28'),(122,'25자 7444','sonkwj01','수입','아우디','A4 (B9) 45 TFSI',81787,2016,'휘발유','자동','5','1','준중형차','전륜','쥐색','안양','01045345954','[{\"url\": \"/carImg/kcar_60790299_004_1683720672474.jpg\", \"filename\": \"kcar_60790299_004_1683720672474.jpg\"}, {\"url\": \"/carImg/kcar_60790299_003_1683720672475.jpg\", \"filename\": \"kcar_60790299_003_1683720672475.jpg\"}, {\"url\": \"/carImg/kcar_60790299_002_1683720672476.jpg\", \"filename\": \"kcar_60790299_002_1683720672476.jpg\"}, {\"url\": \"/carImg/kcar_60790299_001_1683720672477.jpg\", \"filename\": \"kcar_60790299_001_1683720672477.jpg\"}]','1','1','1','1','1','1','1','1','1','undefined','','#아우디 #A4',2,2054,1,0,'2023-05-10 12:11:12','2023-05-10 12:11:12'),(123,'17마 9211','sonkwj01','수입','아우디','S7 4.0 TFSI 콰트로 4G',55639,2015,'휘발유','자동','5','1','대형차','사륜','흰색','서울','01034823483','[{\"url\": \"/carImg/kcar_60782059_004_1683720939725.jpg\", \"filename\": \"kcar_60782059_004_1683720939725.jpg\"}, {\"url\": \"/carImg/kcar_60782059_003_1683720939726.jpg\", \"filename\": \"kcar_60782059_003_1683720939726.jpg\"}, {\"url\": \"/carImg/kcar_60782059_002_1683720939727.jpg\", \"filename\": \"kcar_60782059_002_1683720939727.jpg\"}, {\"url\": \"/carImg/kcar_60782059_001_1683720939728.jpg\", \"filename\": \"kcar_60782059_001_1683720939728.jpg\"}]','1','1','1','1','1','1','1','1','1','undefined','','#아우디 #S7 #고급차',5,4112,1,0,'2023-05-10 12:15:39','2023-05-10 12:15:39'),(147,'12러 1074','hajisuu1','수입','수입기타','테슬라 모델 Y 스탠다드 레인지',18425,2021,'전기','자동','5','1','SUV','사륜','빨간색','부산','','[{\"url\": \"/carImg/5869c852-2dbf-412e-9a3e-e594ac24bd7e_1683721784207.jpg\", \"filename\": \"5869c852-2dbf-412e-9a3e-e594ac24bd7e_1683721784207.jpg\"}]','1','1','1','1','1','1','1','1','1','undefined','','#테슬라 #모델Y',2,5790,1,0,'2023-05-10 12:29:44','2023-05-12 04:50:07'),(180,'58너 7777','hotdog1919','국산','현대','뉴카운티',88000,2016,'휘발유','수동','12','2','버스','사륜','베이지','대구','01068459855','[{\"url\": \"/carImg/스크린샷 2023-05-11 19-51-45_1683802438338.png\", \"filename\": \"스크린샷 2023-05-11 19-51-45_1683802438338.png\"}, {\"url\": \"/carImg/스크린샷 2023-05-11 19-51-35_1683802438341.png\", \"filename\": \"스크린샷 2023-05-11 19-51-35_1683802438341.png\"}, {\"url\": \"/carImg/스크린샷 2023-05-11 19-50-44_1683802438346.png\", \"filename\": \"스크린샷 2023-05-11 19-50-44_1683802438346.png\"}, {\"url\": \"/carImg/스크린샷 2023-05-11 19-50-33_1683802438350.png\", \"filename\": \"스크린샷 2023-05-11 19-50-33_1683802438350.png\"}, {\"url\": \"/carImg/스크린샷 2023-05-11 19-50-26_1683802438354.png\", \"filename\": \"스크린샷 2023-05-11 19-50-26_1683802438354.png\"}]','2','2','2','2','1','2','1','2','2','undefined','기존카운티에서 캠핑카용도로 구조변경 했습니당~\r\n앞판에 커여운 눈알도 달려잇어용~\r\n\r\n캠핑러들 많은 연락부탁해요~','#캠핑 #카운티 #미니버스 #캠핑카',5,4680,1,1,'2023-05-11 10:53:58','2023-05-11 12:08:02'),(181,'16무 3353','hotdog1919','국산','국산기타','대우 버스',116000,2012,'경유','수동','27','2','버스','전륜','화이트','대구','01064585558','[{\"url\": \"/carImg/스크린샷 2023-05-11 19-57-57_1683802882447.png\", \"filename\": \"스크린샷 2023-05-11 19-57-57_1683802882447.png\"}, {\"url\": \"/carImg/스크린샷 2023-05-11 19-57-50_1683802882451.png\", \"filename\": \"스크린샷 2023-05-11 19-57-50_1683802882451.png\"}, {\"url\": \"/carImg/스크린샷 2023-05-11 19-57-42_1683802882456.png\", \"filename\": \"스크린샷 2023-05-11 19-57-42_1683802882456.png\"}, {\"url\": \"/carImg/스크린샷 2023-05-11 19-57-24_1683802882462.png\", \"filename\": \"스크린샷 2023-05-11 19-57-24_1683802882462.png\"}, {\"url\": \"/carImg/스크린샷 2023-05-11 19-57-20_1683802882471.png\", \"filename\": \"스크린샷 2023-05-11 19-57-20_1683802882471.png\"}, {\"url\": \"/carImg/스크린샷 2023-05-11 19-57-15_1683802882474.png\", \"filename\": \"스크린샷 2023-05-11 19-57-15_1683802882474.png\"}]','1','1','2','2','2','2','2','1','2','undefined','출퇴근용으로 딱인 대우버스!!\r\n많은 남성들의 드림카죠?? ㅎㅎ\r\n12년식인데 연식에 비해 짧은 주행거리가 장점이에용!\r\n\r\n문자로 연락부탁드려요~','#대형버스 #드림카 #',3,1900,1,0,'2023-05-11 11:01:22','2023-05-11 11:01:22'),(182,'79주 4008','skm0628','국산','현대','일렉시티',24200,2018,'전기','자동','48','2','버스','사륜','','대구','01045235852','[]','2','1','1','2','1','1','1','2','1','undefined','','#현대 #일렉시티 #버스',1,13000,1,0,'2023-05-11 11:09:21','2023-05-16 07:13:16'),(183,'153가 7000','user','국산','현대','EV6 롱 레인지 4WD 어스',22300,2022,'전기','자동','5','1','SUV','사륜','화이트','대구','0535235695','[{\"url\": \"/carImg/스크린샷 2023-05-11 20-21-51_1683804324854.png\", \"filename\": \"스크린샷 2023-05-11 20-21-51_1683804324854.png\"}, {\"url\": \"/carImg/스크린샷 2023-05-11 20-21-40_1683804324856.png\", \"filename\": \"스크린샷 2023-05-11 20-21-40_1683804324856.png\"}, {\"url\": \"/carImg/스크린샷 2023-05-11 20-21-14_1683804324858.png\", \"filename\": \"스크린샷 2023-05-11 20-21-14_1683804324858.png\"}, {\"url\": \"/carImg/스크린샷 2023-05-11 20-21-06_1683804324863.png\", \"filename\": \"스크린샷 2023-05-11 20-21-06_1683804324863.png\"}, {\"url\": \"/carImg/스크린샷 2023-05-11 20-21-00_1683804324866.png\", \"filename\": \"스크린샷 2023-05-11 20-21-00_1683804324866.png\"}, {\"url\": \"/carImg/스크린샷 2023-05-11 20-20-55_1683804324870.png\", \"filename\": \"스크린샷 2023-05-11 20-20-55_1683804324870.png\"}, {\"url\": \"/carImg/스크린샷 2023-05-11 20-20-44_1683804324877.png\", \"filename\": \"스크린샷 2023-05-11 20-20-44_1683804324877.png\"}, {\"url\": \"/carImg/스크린샷 2023-05-11 20-20-36_1683804324879.png\", \"filename\": \"스크린샷 2023-05-11 20-20-36_1683804324879.png\"}, {\"url\": \"/carImg/스크린샷 2023-05-11 20-20-33_1683804324880.png\", \"filename\": \"스크린샷 2023-05-11 20-20-33_1683804324880.png\"}]','2','1','1','1','1','1','1','1','1','undefined','따끈따끈한 2022년식 EV6입니다.\r\n해외에서 극찬받은 그차인거 다들 아시죠??\r\n풀옵션입니다. 많은 연락부탁드립니다.','#EV6 #전기 #전기차 #드림카',3,4680,1,0,'2023-05-11 11:25:24','2023-05-12 02:50:56'),(184,'15무 1420','ragnar02','국산','현대','넥쏘 프리미엄',36808,2021,'수소','자동','5','1','SUV','전륜','은색','','01037837843','[{\"url\": \"/carImg/kcar_60830770_004_1683807772056.jpg\", \"filename\": \"kcar_60830770_004_1683807772056.jpg\"}, {\"url\": \"/carImg/kcar_60830770_003_1683807772057.jpg\", \"filename\": \"kcar_60830770_003_1683807772057.jpg\"}, {\"url\": \"/carImg/kcar_60830770_002_1683807772058.jpg\", \"filename\": \"kcar_60830770_002_1683807772058.jpg\"}, {\"url\": \"/carImg/kcar_60830770_001_1683807772060.jpg\", \"filename\": \"kcar_60830770_001_1683807772060.jpg\"}]','1','1','1','1','1','1','1','1','1','undefined','','#현대 #넥쏘 #수소차',2,3047,1,0,'2023-05-11 12:21:56','2023-05-11 12:22:52');
/*!40000 ALTER TABLE `cars` ENABLE KEYS */;
UNLOCK TABLES;

--
-- Table structure for table `comments`
--

DROP TABLE IF EXISTS `comments`;
/*!40101 SET @saved_cs_client     = @@character_set_client */;
/*!50503 SET character_set_client = utf8mb4 */;
CREATE TABLE `comments` (
  `number` bigint NOT NULL AUTO_INCREMENT,
  `content` varchar(100) NOT NULL,
  `createdAt` datetime NOT NULL,
  `updatedAt` datetime NOT NULL,
  `user_id` varchar(100) NOT NULL,
  `post_id` bigint NOT NULL,
  PRIMARY KEY (`number`),
  KEY `comments_FK` (`user_id`),
  KEY `comments_FK_1` (`post_id`),
  CONSTRAINT `comments_FK` FOREIGN KEY (`user_id`) REFERENCES `users` (`id`) ON DELETE CASCADE ON UPDATE CASCADE,
  CONSTRAINT `comments_FK_1` FOREIGN KEY (`post_id`) REFERENCES `boards` (`postId`) ON DELETE CASCADE ON UPDATE CASCADE
) ENGINE=InnoDB AUTO_INCREMENT=131 DEFAULT CHARSET=utf8mb4 COLLATE=utf8mb4_0900_ai_ci;
/*!40101 SET character_set_client = @saved_cs_client */;

--
-- Dumping data for table `comments`
--

LOCK TABLES `comments` WRITE;
/*!40000 ALTER TABLE `comments` DISABLE KEYS */;
INSERT INTO `comments` VALUES (1,'반갑습니다. 좋은 다른차량도 많으니 관심있으시면 중고차 구입도 추천드립니다.','2023-05-08 05:31:13','2023-05-08 05:31:13','skm0628',3),(2,'반가워용~','2023-05-08 06:21:28','2023-05-08 06:21:28','aldo9974',3),(3,'볼보S90 판매중입니다. 많은관심부탁드려요~','2023-05-08 06:33:45','2023-05-08 06:33:45','aldo9974',4),(4,'감사합니다. 더욱 발전하는 카카로가 되겠습니다.^^','2023-05-08 07:34:57','2023-05-08 07:35:17','admin',4),(5,'반갑습니다^^','2023-05-09 00:29:29','2023-05-09 00:29:29','ragnar01',3),(6,':)','2023-05-09 00:29:57','2023-05-09 00:29:57','ragnar01',4),(7,'감사합니다~','2023-05-09 02:22:28','2023-05-09 02:22:28','skm0628',4),(8,'넵!','2023-05-09 02:27:00','2023-05-11 23:56:53','skmin0628',5),(9,'반갑습니다!','2023-05-09 02:31:56','2023-05-09 02:31:56','Odinee01',8),(10,'^^7','2023-05-09 02:33:30','2023-05-09 02:33:30','Odinee01',5),(11,'반가워용~','2023-05-09 07:25:46','2023-05-09 07:25:46','admin',8),(12,'환영합니다!','2023-05-09 09:47:11','2023-05-09 09:47:11','sonkwon1',11),(13,'반갑습니다! ^^','2023-05-10 00:48:58','2023-05-10 00:48:58','wangkun01',11),(14,'ㄹㅇㅋㅋ','2023-05-10 00:49:11','2023-05-10 00:49:11','wangkun01',12),(15,'우와','2023-05-10 01:08:41','2023-05-10 01:08:41','wangkun01',13),(16,'ㄷㄷㄷ','2023-05-10 01:37:44','2023-05-10 01:37:44','Aherebirda3',14),(17,'와 지리네요','2023-05-10 01:37:52','2023-05-10 01:37:52','Aherebirda3',13),(18,'애용하겠습니다~','2023-05-10 01:38:03','2023-05-10 01:38:03','Aherebirda3',5),(19,'와..ㄷㄷ','2023-05-10 01:40:41','2023-05-10 01:40:41','chltlstlr3',16),(20,'사이트깔끔하누~','2023-05-10 02:07:56','2023-05-10 02:07:56','rlarbdhks3',5),(21,'뭐사지..','2023-05-10 02:08:19','2023-05-10 02:08:19','rlarbdhks3',19),(22,'부산 놀기딱좋죠 ㅎㅎ','2023-05-10 02:12:57','2023-05-10 02:12:57','rlarbdhks3',17),(23,'쿠페 추천합니다.','2023-05-10 02:14:22','2023-05-10 02:14:22','qkrwlsgud3',19),(24,'bmw x4 ㄱㄱ','2023-05-10 02:14:42','2023-05-10 02:14:42','yukson01',19),(25,'작년에 여기서 차사고 아직까지 잘타고 다니고있습니다~','2023-05-10 02:14:43','2023-05-10 02:14:43','qkrwlsgud3',5),(26,'모두 안전운전하세요~','2023-05-10 02:21:33','2023-05-10 02:21:33','qkrgkqls3',5),(27,'육손이 뭔소리하노 ㅋㅋㅋ 쿠페가 갑이지','2023-05-10 02:21:51','2023-05-10 02:21:51','qkrgkqls3',19),(28,'중년의 나이에 콤퓨타로 차를 살수있다는 말을 듣고 후다닥!! 가입했읍니다ㅡ다들ㅡ잘부탁드려오','2023-05-10 02:37:40','2023-05-10 02:37:40','dutmdqja3',5),(29,'x4타봤는데 승차감 좋더라고요 ㅎㅎ','2023-05-10 02:38:10','2023-05-10 02:38:10','dutmdqja3',19),(30,'뚜껑열리는 포르쉐타고 신나게 한번 달려보시죠~','2023-05-10 02:43:27','2023-05-10 02:43:27','user',23),(31,'^^b','2023-05-10 02:47:19','2023-05-10 02:47:19','1gwakkeobyong',25),(32,'ㄹㅇㅋㅋ','2023-05-10 02:47:32','2023-05-10 02:47:32','dksckdgus3',25),(33,'네~','2023-05-10 02:47:41','2023-05-10 02:47:41','dksckdgus3',5),(34,'ㅋㅋㅋ 머리다까진 할배가 포르쉐타고 달리면 웃기긴하겟노','2023-05-10 02:48:02','2023-05-10 02:48:02','dksckdgus3',23),(35,'오우야.. 전기차 마렵네','2023-05-10 03:07:13','2023-05-10 03:07:13','dksckdgus3',20),(36,'아이오닉6 개이쁘긴함 ㄹㅇ','2023-05-10 03:07:26','2023-05-10 03:07:26','dksckdgus3',24),(37,'중년의자존심 제네시스g90 ㄱㄱ','2023-05-10 03:07:47','2023-05-10 03:07:47','dksckdgus3',23),(38,'중고차사러왔습니당','2023-05-10 03:10:58','2023-05-10 03:10:58','whdudcks3',5),(39,'차바차죠 ㅎㅎ','2023-05-10 03:11:21','2023-05-10 03:11:21','whdudcks3',26),(40,'제치자!! 국산차 화이팅','2023-05-10 03:11:38','2023-05-10 03:11:38','whdudcks3',24),(41,'ㄱㄱㄱ','2023-05-10 03:12:18','2023-05-10 03:12:18','01hangwu',26),(42,'ㄷㄷ 카니발 못사겟네요..','2023-05-10 03:19:13','2023-05-10 03:19:13','whdudcks3',27),(43,'하이용~','2023-05-10 03:19:50','2023-05-10 03:19:50','whdudcks3',3),(44,'여기 있는차 다사고싶네요 ㅠㅠ','2023-05-10 03:21:36','2023-05-10 03:21:36','dlgusqo3',5),(45,'ㅋㅋㅋㅋㅋㅋㅋㅋㅋㅋ','2023-05-10 03:26:05','2023-05-10 03:26:05','01hannibal',28),(46,'너무하네..','2023-05-10 03:29:29','2023-05-10 03:29:29','dlgusqo3',29),(47,'개깔꼼','2023-05-10 03:29:39','2023-05-10 03:29:39','dlgusqo3',25),(48,'볼보S90 ㄱㄱ','2023-05-10 03:29:49','2023-05-10 03:29:49','dlgusqo3',23),(49,'엌!!','2023-05-10 03:30:03','2023-05-10 03:30:03','dlgusqo3',22),(50,'718계약하고 차 나왔는데 배알 꼴린 친구란 넘들이 그거 살바엔 거려서 911 계약한 듯','2023-05-10 03:31:32','2023-05-10 03:31:32','plusmail2',30),(51,'중고차는 카카로!!','2023-05-10 03:33:13','2023-05-10 03:33:13','plusmail2',5),(52,'무섭다무서워','2023-05-10 03:43:02','2023-05-10 03:43:02','plusmail2',27),(53,'점심은 스시로??','2023-05-10 03:45:42','2023-05-10 03:45:42','slghswld3',32),(54,'중고차는 카카로!','2023-05-10 03:45:47','2023-05-10 03:45:47','slghswld3',32),(55,'이랏샤마세~!!','2023-05-10 03:46:03','2023-05-10 03:46:03','slghswld3',5),(56,'ㄷㄷㄷ','2023-05-10 06:10:06','2023-05-10 06:10:06','01jangryang01',38),(57,'페라리 잘 나가네요~','2023-05-10 06:10:20','2023-05-10 06:10:20','01jangryang01',37),(59,'정보 고맙습니다!','2023-05-10 06:10:47','2023-05-10 06:10:47','01jangryang01',39),(60,'ㅋㅋㅋㅋㅋㅋㅋㅋㅋㅋㅋㅋㅋㅋ','2023-05-10 06:14:18','2023-05-10 06:14:18','01jangwan',40),(61,'굳이 따로 핸드폰을 조작하지 않아도 되니 너무 편합니다. 음질이 좋은건 덤이구요','2023-05-10 07:14:08','2023-05-10 07:16:22','01Juwonjang',42),(62,'동네에 벌써 액티브 노란색 한대가 보이더군요','2023-05-10 07:18:11','2023-05-10 07:18:11','01Juwonjang',41),(63,'굳이 일부러 하실 필요는 없습니다. 기름 시간만 쓰는 걸요. 차 나중에 팔더라도 키로수 적은게 유리하구요.','2023-05-10 07:39:10','2023-05-10 07:39:10','dlalswjd23',43),(64,'벨킨이나 안전관련 인증을 받은 국내회사의 제품을 구매하세요.','2023-05-10 08:03:39','2023-05-10 08:03:39','ghdrhkdgh12',44),(65,'우와아','2023-05-10 12:01:53','2023-05-10 12:01:53','admin',5),(66,'ㄷㄷㄷ','2023-05-10 12:02:04','2023-05-10 12:02:04','admin',53),(82,'화이팅','2023-05-11 07:46:10','2023-05-11 07:46:10','admin',57),(84,'2번이요','2023-05-11 08:32:18','2023-05-11 08:32:18','ragnar01',48),(86,'흥정은 불가입니다 행뉨덜~','2023-05-11 10:38:26','2023-05-11 10:38:26','chltlstlr3',73),(87,'우와.. 멋져요','2023-05-11 10:55:19','2023-05-11 10:55:19','hotdog1919',73),(88,'웅장하네요 ㄷㄷ','2023-05-11 10:56:00','2023-05-11 10:56:00','hotdog1919',74),(89,'와... 미니버스 마렵네요','2023-05-11 11:13:18','2023-05-11 11:13:18','chltlstlr3',75),(90,'흥정가능한가요??','2023-05-11 11:28:37','2023-05-11 11:28:37','user',75),(91,'레인지로버 잔고장 개많다던데 ㅋㅋ 비추요','2023-05-11 11:29:25','2023-05-11 11:29:25','user',74),(92,'추가로 혹시 ev6랑 비슷한 급의 일반 가솔린이나 디젤차 추천할만한거 잇나요??','2023-05-11 11:41:51','2023-05-11 11:41:51','user',76),(93,'우와...멋잇어요누님','2023-05-11 11:44:10','2023-05-11 11:44:10','rlaqudwp3',75),(94,'ev6 저주세요','2023-05-11 11:44:25','2023-05-11 11:44:25','rlaqudwp3',76),(95,'전 20살때요 ㅎㅎ','2023-05-11 11:51:11','2023-05-11 11:51:11','chlwogh3',78),(96,'전기차도 한번은 타보고싶네요','2023-05-11 11:51:33','2023-05-11 11:51:33','chlwogh3',76),(97,'엥? 뚜벅이는 사람아닌데','2023-05-11 11:51:52','2023-05-11 11:51:52','chlwogh3',77),(98,'와 EV9 진짜 기대되네 친구 EV6 타봤는데 승차감 좋던데 EV9은 진짜 어떨지..','2023-05-11 11:54:30','2023-05-11 11:54:30','chlwogh3',53),(99,'저 카이엔이랑 박스터 팔고있슴다 ㅎㅎ 함 둘러보시죵','2023-05-11 11:56:14','2023-05-11 11:56:14','plusmail2',79),(100,'http://localhost:3005/car/detail/79','2023-05-11 11:56:26','2023-05-11 11:56:26','plusmail2',79),(101,'http://localhost:3005/car/detail/80','2023-05-11 11:56:30','2023-05-11 11:56:30','plusmail2',79),(102,'아.. 버스살까.. 출퇴근용으로 필요하긴한데','2023-05-11 11:56:58','2023-05-11 11:56:58','plusmail2',81),(103,'오우 고급차 ㄷㄷ','2023-05-11 11:57:29','2023-05-11 11:57:29','ragnar02',80),(104,'대구사시는분들 많은문의 부탁드립니다~','2023-05-11 11:57:29','2023-05-11 11:57:29','plusmail2',80),(105,'차사시고 학원에 일찍오시죠!!','2023-05-11 11:58:00','2023-05-11 11:58:00','plusmail2',77),(106,'멋있습니다..','2023-05-11 12:16:34','2023-05-11 12:16:34','admin',81),(107,'난 포르쉐타는 남자는 참멋잇더라','2023-05-11 12:26:54','2023-05-11 12:26:54','aldo9974',79),(108,'ㅋㅋㅋㅋㅋㅋㅋㅋㅋㅋㅋㅋ','2023-05-11 12:27:03','2023-05-11 12:27:03','aldo9974',77),(110,'우와....','2023-05-11 12:27:13','2023-05-11 12:27:13','aldo9974',80),(111,'언닝~ 너무멋잇엉','2023-05-11 12:27:27','2023-05-11 12:27:27','aldo9974',75),(115,'ㅇㅇㅇ','2023-05-12 05:22:08','2023-05-12 05:22:08','admin',85),(116,'뭐요','2023-05-16 06:38:29','2023-05-16 06:38:29','kbj',88),(117,'만화그만보시고 공부하세요','2023-05-16 06:38:43','2023-05-16 06:38:43','skm0628',88),(118,'내가 만화보면 어쩔껀데~ㅋㅋ','2023-05-16 06:39:02','2023-05-16 06:39:02','kbj',88),(120,'무섭네요 mz세대 ㄷㄷ','2023-05-16 06:39:26','2023-05-16 06:39:26','skm0628',88),(121,'무섭네요 mz세대 ㄷㄷ','2023-05-16 06:39:28','2023-05-16 06:39:28','skm0628',88),(122,'강민님도 mz십니다','2023-05-16 06:39:32','2023-05-16 06:39:32','kbj',88),(123,'Z세대 무섭네요 ㅎㅎ','2023-05-16 06:39:45','2023-05-16 06:39:45','skm0628',88),(124,'3번이나 쓰면서 강조하시는게 역시 mz세대ㄷㄷ','2023-05-16 06:39:47','2023-05-16 06:39:47','kbj',88),(126,'ㅇ','2023-05-16 06:40:29','2023-05-16 06:40:29','skm0628',88),(127,'ㅎㅎ','2023-05-16 07:01:04','2023-05-16 07:01:04','skm0628',88),(128,'ㅎㅎ','2023-05-16 07:01:08','2023-05-16 07:01:08','skm0628',88),(129,'ㅋㅋㅋㅋ','2023-05-16 07:04:15','2023-05-16 07:04:15','kbj',88),(130,'뭐하십니까','2023-05-16 07:05:12','2023-05-16 07:05:12','kbj',88);
/*!40000 ALTER TABLE `comments` ENABLE KEYS */;
UNLOCK TABLES;
/*!50003 SET @saved_cs_client      = @@character_set_client */ ;
/*!50003 SET @saved_cs_results     = @@character_set_results */ ;
/*!50003 SET @saved_col_connection = @@collation_connection */ ;
/*!50003 SET character_set_client  = utf8mb4 */ ;
/*!50003 SET character_set_results = utf8mb4 */ ;
/*!50003 SET collation_connection  = utf8mb4_0900_ai_ci */ ;
/*!50003 SET @saved_sql_mode       = @@sql_mode */ ;
/*!50003 SET sql_mode              = 'ONLY_FULL_GROUP_BY,STRICT_TRANS_TABLES,NO_ZERO_IN_DATE,NO_ZERO_DATE,ERROR_FOR_DIVISION_BY_ZERO,NO_ENGINE_SUBSTITUTION' */ ;
DELIMITER ;;
/*!50003 CREATE*/ /*!50017 DEFINER=`root`@`localhost`*/ /*!50003 TRIGGER `increment_count` AFTER INSERT ON `comments` FOR EACH ROW BEGIN

  UPDATE boards SET count = count + 1 WHERE postId = NEW.post_id;

END */;;
DELIMITER ;
/*!50003 SET sql_mode              = @saved_sql_mode */ ;
/*!50003 SET character_set_client  = @saved_cs_client */ ;
/*!50003 SET character_set_results = @saved_cs_results */ ;
/*!50003 SET collation_connection  = @saved_col_connection */ ;
/*!50003 SET @saved_cs_client      = @@character_set_client */ ;
/*!50003 SET @saved_cs_results     = @@character_set_results */ ;
/*!50003 SET @saved_col_connection = @@collation_connection */ ;
/*!50003 SET character_set_client  = utf8mb4 */ ;
/*!50003 SET character_set_results = utf8mb4 */ ;
/*!50003 SET collation_connection  = utf8mb4_0900_ai_ci */ ;
/*!50003 SET @saved_sql_mode       = @@sql_mode */ ;
/*!50003 SET sql_mode              = 'ONLY_FULL_GROUP_BY,STRICT_TRANS_TABLES,NO_ZERO_IN_DATE,NO_ZERO_DATE,ERROR_FOR_DIVISION_BY_ZERO,NO_ENGINE_SUBSTITUTION' */ ;
DELIMITER ;;
/*!50003 CREATE*/ /*!50017 DEFINER=`root`@`localhost`*/ /*!50003 TRIGGER `decrement_count` AFTER DELETE ON `comments` FOR EACH ROW begin

    update boards set count = count -1 where postId = old.post_id;

end */;;
DELIMITER ;
/*!50003 SET sql_mode              = @saved_sql_mode */ ;
/*!50003 SET character_set_client  = @saved_cs_client */ ;
/*!50003 SET character_set_results = @saved_cs_results */ ;
/*!50003 SET collation_connection  = @saved_col_connection */ ;

--
-- Table structure for table `faqs`
--

DROP TABLE IF EXISTS `faqs`;
/*!40101 SET @saved_cs_client     = @@character_set_client */;
/*!50503 SET character_set_client = utf8mb4 */;
CREATE TABLE `faqs` (
  `number` bigint NOT NULL AUTO_INCREMENT,
  `title` varchar(100) NOT NULL,
  `content` varchar(1000) CHARACTER SET utf8mb4 COLLATE utf8mb4_0900_ai_ci NOT NULL,
  `createdAt` datetime NOT NULL,
  `updatedAt` datetime NOT NULL,
  `grade` int NOT NULL DEFAULT '1',
  PRIMARY KEY (`number`)
) ENGINE=InnoDB AUTO_INCREMENT=14 DEFAULT CHARSET=utf8mb4 COLLATE=utf8mb4_0900_ai_ci;
/*!40101 SET character_set_client = @saved_cs_client */;

--
-- Dumping data for table `faqs`
--

LOCK TABLES `faqs` WRITE;
/*!40000 ALTER TABLE `faqs` DISABLE KEYS */;
INSERT INTO `faqs` VALUES (2,'제가 한 문의는 어디서 볼 수 있나요?','[마이페이지 > 내 문의]에서 확인 가능하십니다.','2023-05-10 01:43:10','2023-05-10 02:24:14',2),(3,'차량 구매 후 번호판을 변경할 수 있나요?','중고차 구매 후 소유권 이전이 완료되면 변경할 수 있습니다.\r\n\r\n\r\n\r\n이전등록 후 60일 안에 가까운 시군구청에 방문하여 자동차 변경등록 신청서를 제출해 주세요.','2023-05-10 01:47:14','2023-05-10 02:15:00',2),(4,'회원가입은 어떻게 하나요?','어느 페이지에서든 우측 상단을 보시면 로그인 우측에 회원가입을 누르셔서 가입이 가능하십니다.','2023-05-10 01:50:12','2023-05-10 08:33:06',2),(5,'아이디/비밀번호를 잊어버리면 어떻게 해야하나요?','아이디 찾기: [로그인 > 아이디 찾기]에서 이름과 e-mail을 입력하시면 찾으실 수 있습니다.\r\n\r\n비밀번호 찾기: [로그인 > 비밀번호 찾기]에서 이름과 ID, e-mail을 입력하시면 찾으실 수 있습니다.','2023-05-10 02:19:27','2023-05-10 08:33:08',2),(6,'회원 탈퇴는 어떻게 하나요?','로그인 후 [마이페이지 > 회원정보 > 좌측 하단 탈퇴하기 버튼]에서 탈퇴하실 수 있습니다.','2023-05-10 02:23:10','2023-05-10 02:26:50',2),(7,'차를 살 때 어떤걸 조심해야하나요?','가장 중요한건 매물이 실제와 일치하는지 판단하시는게 중요합니다. 고객센터 FAQ페이지 하단에 구매시 주의사항과 TIP이 있으니 확인 후 구매하시는걸 추천드립니다.','2023-05-10 02:26:27','2023-05-10 08:45:15',2),(8,'소유권 이전에 필요한 서류는 무엇인가요?','소유권 이전에 필요한 서류는 아래와 같습니다.\r\n\r\n\r\n\r\n※ 필요서류\r\n\r\n- 자동차등록증, 자동차세완납증명서, 신분증, 인감증명서(자동차 매도용), 인감도장','2023-05-10 02:30:41','2023-05-10 02:30:44',2),(9,'견적을 확인한 뒤 차량 판매는 언제까지 결정해야 하나요?','7일 안에 결정해야 합니다. 중고차 시장의 특성상 차량가격이 7일 단위로 달라지기 때문입니다.\r\n\r\n\r\n\r\n7일이 지난 뒤 차량을 판매하려면 견적을 새로 받아야 합니다.','2023-05-10 02:35:08','2023-05-10 02:35:09',2),(10,'할부 기간이 남은 차량도 판매할 수 있나요?','아니요, 할부 기간이 남은 차량은 판매할 수 없습니다. 할부금이 모두 납부되어야 차량 소유권을 이전할 수 있습니다.','2023-05-10 02:38:43','2023-05-10 08:33:09',2),(11,'내 명의가 아닌 차량(가족 명의 등)을 대리로 판매할 수 있나요?','네, 차량 명의자가 아니어도 대리인 자격으로 판매할 수 있습니다.\r\n\r\n\r\n\r\n단, 위임장 및 대리인의 신분증을 추가로 준비하셔야 합니다. ','2023-05-10 02:39:10','2023-05-10 08:33:03',2),(12,'차량을 구매할 때는 어떤 서류가 필요한가요?','차량 구매 시 필요서류는 아래와 같습니다.\r\n\r\n\r\n\r\n■ 필요서류\r\n\r\n- 신분증, 보험가입증명서(팩스 사본 가능)\r\n\r\n- 할부 구매 시, 인감증명서 및 인감도장 1통 추가 필요\r\n\r\n- 구매자가 본인이 아닌 경우, 위임장 추가 필요','2023-05-10 02:40:34','2023-05-10 08:33:02',2),(13,'혜택을 받는 방법이 있나요?','죄송합니다. 아직 혜택과 관련된 부분은 준비가 되지 않아 혜택을 드리기 어려운 점 양해부탁드립니다.','2023-05-10 02:44:18','2023-05-12 02:47:49',1);
/*!40000 ALTER TABLE `faqs` ENABLE KEYS */;
UNLOCK TABLES;

--
-- Table structure for table `hashtags`
--

DROP TABLE IF EXISTS `hashtags`;
/*!40101 SET @saved_cs_client     = @@character_set_client */;
/*!50503 SET character_set_client = utf8mb4 */;
CREATE TABLE `hashtags` (
  `id` bigint NOT NULL AUTO_INCREMENT,
  `cars_num` bigint NOT NULL,
  `cars_hashtag` varchar(100) CHARACTER SET utf8mb4 COLLATE utf8mb4_0900_ai_ci DEFAULT NULL,
  PRIMARY KEY (`id`),
  KEY `hashtags_FK` (`cars_num`),
  CONSTRAINT `hashtags_FK` FOREIGN KEY (`cars_num`) REFERENCES `cars` (`num`) ON DELETE CASCADE ON UPDATE CASCADE
) ENGINE=InnoDB AUTO_INCREMENT=371 DEFAULT CHARSET=utf8mb4 COLLATE=utf8mb4_0900_ai_ci;
/*!40101 SET character_set_client = @saved_cs_client */;

--
-- Dumping data for table `hashtags`
--

LOCK TABLES `hashtags` WRITE;
/*!40000 ALTER TABLE `hashtags` DISABLE KEYS */;
INSERT INTO `hashtags` VALUES (20,9,'벤츠'),(21,9,'g클래스'),(22,9,'지바겐'),(23,9,'저렴'),(28,11,'gv70'),(29,11,'제네시스'),(30,11,'럭셔리'),(33,16,'기아차'),(34,16,'k9'),(35,16,'기아'),(36,16,'거의새차'),(64,24,'도요타'),(65,24,'캠리'),(66,24,'풀옵션'),(67,24,'준신차급'),(68,26,'현대'),(69,26,'포터'),(70,26,'화물차'),(71,26,'업무용차'),(72,27,'현대'),(73,27,'스타렉스'),(74,27,'9인승'),(75,28,'아우디'),(76,28,'럭셔리'),(77,28,'무사고'),(78,28,'풀옵션'),(79,29,'르노코리아'),(80,29,'qm6'),(81,29,'르노삼성'),(82,29,'가성비'),(83,30,'bmw'),(84,30,'빠른속도'),(85,30,'스포츠카'),(86,31,'벤츠'),(87,31,'s클래스'),(88,31,'고급차'),(89,32,'기아'),(90,32,'기아차'),(91,32,'모닝'),(92,32,'경차'),(93,33,'쉐보레'),(94,33,'스파크'),(95,33,'가성비'),(96,34,'현대차'),(97,34,'소형차'),(98,34,'현대아이오닉'),(99,34,'아이오닉'),(100,35,'쉐보라'),(101,35,'희귀차'),(102,35,'뉴다마스'),(103,35,'경승합차'),(104,36,'현대'),(105,36,'화물차'),(106,36,'포터'),(107,36,'업무용차'),(108,37,'르노코리아'),(109,37,'sm6'),(110,37,'르노삼성'),(111,37,'신차급'),(112,38,'기아'),(113,38,'스포티지'),(114,38,'디젤차'),(115,38,'합리적인가격'),(116,39,'르노코리아'),(117,39,'sm5'),(118,39,'르노삼성'),(119,39,'가성비'),(120,40,'포드'),(121,40,'익스플로러'),(122,41,'폭스바겐'),(123,41,'제타'),(124,41,'짧은주행거리'),(125,41,'무사고차량'),(126,42,'현대'),(127,42,'제네시스쿠페'),(128,42,'스포츠카'),(129,42,'인기차량'),(130,43,'기아'),(131,43,'모닝'),(132,43,'경차'),(133,44,'기아'),(134,44,'관리우수'),(135,44,'프라이드'),(136,45,'현대'),(137,45,'아반떼'),(138,47,'기아'),(139,47,'k3'),(140,47,'출퇴근용'),(141,49,'현대'),(142,49,'쏘나타'),(143,50,'현대'),(144,50,'그랜저'),(145,50,'풀옵션'),(146,50,'무사고차량'),(147,51,'쉐보레'),(148,51,'카마로'),(149,51,'스포츠카'),(150,52,'벤츠'),(151,52,'무사고'),(152,52,'새차'),(153,53,'현대'),(154,53,'산타페'),(155,54,'슈퍼카'),(156,54,'포르쉐'),(157,54,'여친'),(158,55,'현대'),(159,55,'스타리아'),(160,55,'디젤'),(161,55,'승합차'),(162,56,'멋짐'),(163,56,'웅장'),(164,56,'레인지로버'),(165,57,'기아'),(166,57,'레이'),(167,57,'경차'),(168,58,'르노'),(169,58,'전기차'),(170,58,'소형차'),(171,59,'1인소유'),(172,59,'준신차급'),(173,59,'제조사보증기간잔여'),(174,60,'현대'),(175,60,'전기차'),(176,60,'아이오닉'),(177,61,'폭스바겐'),(178,61,'파사트'),(179,61,'화이트'),(180,62,'현대'),(181,62,'무사고차량'),(182,62,'아이오닉'),(183,62,'전기차'),(184,63,'무사고'),(185,63,'브라운시트'),(186,63,'짧은주행거리'),(187,64,'제네시스'),(188,64,'일렉트리파이드'),(189,64,'g80'),(190,64,'전기차'),(191,65,'도요타'),(192,65,'캠리'),(193,65,'가성비'),(194,66,'현대'),(195,66,'아이오닉'),(196,66,'전기차'),(197,66,'suv'),(198,67,'bmw'),(199,67,'218d'),(200,68,'현대'),(201,68,'포터'),(202,68,'전기차'),(203,68,'화물차'),(204,69,'포터'),(205,69,'전기트럭'),(206,69,'전기'),(207,70,'현대'),(208,70,'아이오닉'),(209,70,'하이브리드차'),(210,71,'프레임사고없음'),(211,71,'비흡연'),(212,71,'벤츠'),(213,72,'현대'),(214,72,'하이브리드차'),(215,72,'아반떼'),(216,73,'웅장'),(217,74,'가성비'),(218,74,'아우디'),(219,74,'a6'),(220,75,'현대'),(221,75,'쏘나타'),(222,75,'하이브리드차'),(223,76,'기아'),(224,76,'k8'),(225,76,'하이브리드차'),(226,77,'볼보'),(227,77,'안전의대명사'),(228,78,'볼보'),(229,78,'s90'),(230,79,'포르쉐'),(231,79,'상남자'),(232,79,'스포츠카'),(233,80,'포르쉐'),(234,80,'강남싼타페'),(235,80,'더뉴카이엔'),(236,81,'르노코리아'),(237,81,'르노삼성'),(238,81,'밴'),(239,82,'제네시스'),(240,82,'g80'),(241,83,'기아'),(242,83,'스팅어'),(243,84,'현대'),(244,84,'제네시스'),(245,85,'기아'),(246,85,'모하비'),(247,85,'디젤차'),(248,86,'현대'),(249,86,'스타렉스'),(250,86,'12인승'),(251,87,'기아'),(252,87,'모닝'),(253,87,'경차'),(254,88,'쉐보레'),(255,88,'아베오해치백'),(256,89,'현대'),(257,89,'아반떼'),(258,89,'lpg차'),(259,90,'르노코리아'),(260,90,'sm5'),(261,90,'저렴한차'),(262,91,'현대'),(263,91,'아슬란'),(264,92,'현대'),(265,92,'제네시스쿠페'),(266,92,'스포츠카'),(267,93,'현대'),(268,93,'스포티지'),(269,93,'suv'),(270,94,'현대'),(271,94,'스타렉스'),(272,95,'피아트'),(273,96,'피아트'),(274,97,'벤틀리'),(275,98,'미니'),(276,98,'쿠퍼'),(277,99,'랜드로버'),(278,99,'디스커버리'),(279,100,'랜드로버'),(280,100,'레인지로버'),(281,100,'이보크'),(282,101,'시트로엥'),(283,101,'c3'),(284,102,'시트로엥'),(285,102,'ds7'),(286,103,'푸조'),(287,104,'푸조'),(288,105,'페라리'),(289,105,'스포츠카'),(290,106,'마세라티'),(291,106,'르반떼'),(292,107,'링컨'),(293,107,'코세어'),(294,108,'링컨'),(295,108,'컨티넨탈'),(296,109,'재규어'),(297,109,'xj'),(298,110,'재규어'),(299,110,'xf'),(300,112,'캐딜락'),(301,112,'xt5'),(302,113,'지프'),(303,113,'컴패스'),(304,114,'지프'),(305,114,'체로키'),(306,115,'지프'),(307,115,'레니게이드'),(308,116,'포드'),(309,116,'머스탱'),(310,117,'포드'),(311,117,'몬데오'),(312,118,'포드'),(313,118,'퓨전'),(314,119,'벤츠'),(315,119,'s클래스'),(316,119,'고급차'),(317,120,'벤츠'),(318,120,'고급차'),(319,120,'s클래스'),(320,121,'bmw'),(321,121,'i3'),(322,122,'아우디'),(323,122,'a4'),(324,123,'아우디'),(325,123,'s7'),(326,123,'고급차'),(327,147,'테슬라'),(328,147,'모델y'),(342,180,'캠핑'),(343,180,'카운티'),(344,180,'미니버스'),(345,180,'캠핑카'),(346,181,'대형버스'),(347,181,'드림카'),(348,181,''),(352,183,'ev6'),(353,183,'전기'),(354,183,'전기차'),(355,183,'드림카'),(357,184,'현대'),(358,184,'넥쏘'),(359,184,'수소차'),(368,182,'현대'),(369,182,'일렉시티'),(370,182,'버스');
/*!40000 ALTER TABLE `hashtags` ENABLE KEYS */;
UNLOCK TABLES;

--
-- Table structure for table `inquirys`
--

DROP TABLE IF EXISTS `inquirys`;
/*!40101 SET @saved_cs_client     = @@character_set_client */;
/*!50503 SET character_set_client = utf8mb4 */;
CREATE TABLE `inquirys` (
  `number` bigint NOT NULL AUTO_INCREMENT,
  `title` varchar(100) NOT NULL,
  `content` varchar(255) NOT NULL,
  `user_id` varchar(100) NOT NULL,
  `answer` varchar(1000) CHARACTER SET utf8mb4 COLLATE utf8mb4_0900_ai_ci DEFAULT NULL,
  `createdAt` datetime NOT NULL,
  `updatedAt` datetime NOT NULL,
  PRIMARY KEY (`number`),
  KEY `inquiry_FK` (`user_id`),
  CONSTRAINT `inquiry_FK` FOREIGN KEY (`user_id`) REFERENCES `users` (`id`) ON DELETE CASCADE ON UPDATE CASCADE
) ENGINE=InnoDB AUTO_INCREMENT=38 DEFAULT CHARSET=utf8mb4 COLLATE=utf8mb4_0900_ai_ci;
/*!40101 SET character_set_client = @saved_cs_client */;

--
-- Dumping data for table `inquirys`
--

LOCK TABLES `inquirys` WRITE;
/*!40000 ALTER TABLE `inquirys` DISABLE KEYS */;
INSERT INTO `inquirys` VALUES (20,'방금가입했는데 중고차 팔수있나요?','그냥 팔기에 올리면 되나요?','plusmail2','    네 올리시면 됩니다.\r\n   감사합니다.\r\n','2023-05-08 05:29:58','2023-05-09 06:04:05'),(21,'차팔면 수수료 떼어드려야하나요?','ㅈㄱㄴ','aldo9974','    아니요. 수수료는 떼지 않습니다.\r\n단 구매자나 판매자가 차량점검을 위해 출장요청하실 경우 출장비 및 점검비가 발생합니다.\r\n    ','2023-05-08 06:32:31','2023-05-11 05:44:35'),(22,'차 판매하는데 수수료가 붙나요?','차 판매하는데 수수료가 붙는 지 궁금합니다.','ragnar01','    개인간 거래하실경우에 붙지않습니다.\r\n하지만 필요한 경우 차량점검 및 문서작성을 도와줄 관리자를 출장부를 수 있는데, 그럴 경우에만 출장비 부담하셔야 합니다.','2023-05-09 02:14:50','2023-05-10 05:17:12'),(23,'이사이트 광고문의되나요?','광고문의드리고싶은데 어디로 연락드리면될까요?','skmin0628',NULL,'2023-05-09 02:26:53','2023-05-09 02:26:53'),(24,'거래 진행 절차는 어떻게 되나요?','거래 진행 절차는 어떤 방식으로 이루어지는지 알려줄 수 있나요?','kanggamchan1','    ㅁㅁㅁㅁㅁㅁㅁ','2023-05-10 00:46:15','2023-05-12 02:47:03'),(25,' 내 명의가 아닌 차량(가족 명의 등)을 대리로 판매할 수 있나요?','내 명의가 아닌 차량(가족 명의 등)을 대리로 판매할 수 있나요?','wangkun01',NULL,'2023-05-10 01:10:10','2023-05-10 01:10:10'),(26,'할부 기간이 남은 차량도 판매할 수 있나요?','할부 기간이 남은 차량도 판매할 수 있나요?','lisunsin01',NULL,'2023-05-10 01:23:36','2023-05-10 01:23:36'),(27,'어제산차에서 벌레가나왔어요','너무무섭네요','Aherebirda3',NULL,'2023-05-10 01:32:51','2023-05-10 01:32:51'),(28,'차량팔때 문서같은거','어떤거 준비해야하나요?','chltlstlr3',NULL,'2023-05-10 01:39:15','2023-05-10 01:39:15'),(29,'아이디/비밀번호를 잊어버리면 어떻게 해야 하나요?','아이디/비밀번호를 잊어버리면 어떻게 해야 하나요?','01kangyu',NULL,'2023-05-10 01:39:48','2023-05-10 01:39:48'),(30,'회원탈퇴는 어떻게 하나요?','회원탈퇴는 어떻게 하나요?','jangso01',NULL,'2023-05-10 01:49:53','2023-05-10 01:49:53'),(31,' 차량 주요 키워드 중 \'1인소유\'란 무엇인가요?','차량 주요 키워드 중 \'1인소유\'란 무엇인가요?','yukson01',NULL,'2023-05-10 02:16:40','2023-05-10 02:16:40'),(32,'나이가 지긋한지라 차량구입하기가 어렵네요','도움을 줄만한 관리자분이 계실까요?','dutmdqja3',NULL,'2023-05-10 02:32:25','2023-05-10 02:32:25'),(33,'전기차 밧데리 문제가 화제던데','여기서 파는차들은 안전한거 맞나요??','user','개인간 거래이기때문에 추가적인 점검은 필요합니다. 하지만 관리자의 확인이 필요하시다면 출장요청을 하시면 저희 CarCarO가 점검을 해드립니다. 단 이 경우 출장비 및 점검비가 추가 발생하니 이 점 유의하시길 바랍니다.','2023-05-10 02:44:03','2023-05-10 02:53:34'),(34,'차량구입시 관리자분 출장가능한가요?','상태체크 같은거 도와주실 관리자분 와주실수잇나요?','user','네 구매자나 판매자가 차량점검을 위해 출장요청하실 경우 관리자 출장이 가능합니다. 단 출장비 및 점검비가 발생하게되니 이 점 유의하시길 바랍니다.','2023-05-10 02:44:35','2023-05-10 02:51:31'),(35,'볼보 두대 팔아도되나요??','ㅈㄱㄴ','dlgusqo3',NULL,'2023-05-10 03:30:24','2023-05-10 03:30:24'),(36,'차량을 환불할 때 위약금이 있나요?','차량을 환불할 때 위약금이 있나요?','ragnar01',NULL,'2023-05-11 08:19:35','2023-05-11 08:19:35'),(37,'aaaaaa','aaaaaaa','user','    ㅁㅁㅁㅁㅁㅁㅁㅁ','2023-05-12 02:39:51','2023-05-12 02:46:38');
/*!40000 ALTER TABLE `inquirys` ENABLE KEYS */;
UNLOCK TABLES;

--
-- Table structure for table `likes`
--

DROP TABLE IF EXISTS `likes`;
/*!40101 SET @saved_cs_client     = @@character_set_client */;
/*!50503 SET character_set_client = utf8mb4 */;
CREATE TABLE `likes` (
  `number` bigint NOT NULL AUTO_INCREMENT,
  `car_num` bigint NOT NULL,
  `user_id` varchar(100) NOT NULL,
  PRIMARY KEY (`number`),
  KEY `likes_FK_1` (`user_id`),
  KEY `likes_FK` (`car_num`),
  CONSTRAINT `likes_FK` FOREIGN KEY (`car_num`) REFERENCES `cars` (`num`) ON DELETE CASCADE ON UPDATE CASCADE,
  CONSTRAINT `likes_FK_1` FOREIGN KEY (`user_id`) REFERENCES `users` (`id`) ON DELETE CASCADE ON UPDATE CASCADE
) ENGINE=InnoDB AUTO_INCREMENT=252 DEFAULT CHARSET=utf8mb4 COLLATE=utf8mb4_0900_ai_ci;
/*!40101 SET character_set_client = @saved_cs_client */;

--
-- Dumping data for table `likes`
--

LOCK TABLES `likes` WRITE;
/*!40000 ALTER TABLE `likes` DISABLE KEYS */;
INSERT INTO `likes` VALUES (8,9,'ragnar01'),(20,16,'Odinee01'),(22,11,'Odinee01'),(24,9,'Odinee01'),(32,11,'admin'),(34,42,'samaeui1'),(35,41,'samaeui1'),(36,38,'samaeui1'),(37,37,'samaeui1'),(38,36,'samaeui1'),(39,35,'samaeui1'),(40,31,'samaeui1'),(41,32,'samaeui1'),(42,33,'samaeui1'),(43,34,'samaeui1'),(44,30,'samaeui1'),(45,29,'samaeui1'),(46,28,'samaeui1'),(47,27,'samaeui1'),(48,26,'samaeui1'),(49,25,'samaeui1'),(50,24,'samaeui1'),(52,9,'samaeui1'),(54,11,'samaeui1'),(55,16,'samaeui1'),(59,40,'ragnar01'),(60,39,'ragnar01'),(62,31,'ragnar01'),(63,41,'ragnar01'),(64,30,'ragnar01'),(65,41,'kanggamchan1'),(66,40,'kanggamchan1'),(67,9,'kanggamchan1'),(69,30,'kanggamchan1'),(70,31,'kanggamchan1'),(71,29,'admin'),(72,30,'admin'),(75,44,'wangkun01'),(76,43,'wangkun01'),(77,52,'chltlstlr3'),(78,51,'chltlstlr3'),(79,45,'chltlstlr3'),(80,47,'chltlstlr3'),(81,50,'chltlstlr3'),(82,40,'chltlstlr3'),(83,62,'admin'),(84,64,'qkrgkqls3'),(86,9,'qkrgkqls3'),(87,11,'qkrgkqls3'),(88,16,'qkrgkqls3'),(89,29,'qkrgkqls3'),(90,30,'qkrgkqls3'),(91,69,'dksckdgus3'),(92,68,'dksckdgus3'),(93,67,'dksckdgus3'),(94,63,'dksckdgus3'),(95,61,'dksckdgus3'),(96,68,'01hangwu'),(97,67,'01hangwu'),(98,63,'01hangwu'),(99,60,'01hangwu'),(101,9,'01hangwu'),(102,26,'01hangwu'),(103,25,'01hangwu'),(104,28,'01hangwu'),(107,30,'whdudcks3'),(108,24,'whdudcks3'),(109,27,'whdudcks3'),(110,40,'whdudcks3'),(111,74,'01hannibal'),(112,73,'01hannibal'),(113,71,'01hannibal'),(114,72,'01hannibal'),(115,70,'01hannibal'),(118,30,'01hannibal'),(119,40,'01hannibal'),(120,41,'01hannibal'),(121,31,'01hannibal'),(122,31,'slghswld3'),(124,30,'slghswld3'),(126,41,'slghswld3'),(127,26,'slghswld3'),(128,81,'slghswld3'),(129,80,'slghswld3'),(130,79,'slghswld3'),(131,78,'slghswld3'),(132,75,'slghswld3'),(133,76,'slghswld3'),(134,77,'slghswld3'),(135,71,'slghswld3'),(136,72,'slghswld3'),(137,73,'slghswld3'),(138,28,'admin'),(139,29,'slghswld3'),(140,9,'slghswld3'),(141,30,'01jangwan'),(142,57,'01jangwan'),(143,65,'01jangwan'),(144,49,'01jangwan'),(145,66,'01jangwan'),(146,82,'01jangwan'),(147,83,'01jangwan'),(148,53,'01jangwan'),(149,84,'01jangwan'),(150,85,'01jangwan'),(151,86,'01jangwan'),(152,88,'01jangwan'),(153,89,'01jangwan'),(154,90,'01jangwan'),(155,55,'01jangwan'),(156,58,'01jangwan'),(157,94,'admin'),(158,54,'kbj'),(159,80,'kbj'),(160,52,'kbj'),(161,108,'namkunghy1'),(162,109,'namkunghy1'),(163,110,'namkunghy1'),(164,113,'namkunghy1'),(165,112,'namkunghy1'),(166,107,'namkunghy1'),(167,106,'namkunghy1'),(168,105,'namkunghy1'),(169,104,'namkunghy1'),(170,103,'namkunghy1'),(171,102,'namkunghy1'),(172,101,'namkunghy1'),(173,100,'namkunghy1'),(174,99,'namkunghy1'),(175,98,'namkunghy1'),(176,97,'namkunghy1'),(177,96,'namkunghy1'),(178,95,'namkunghy1'),(179,91,'namkunghy1'),(180,92,'namkunghy1'),(181,87,'namkunghy1'),(182,59,'namkunghy1'),(183,56,'namkunghy1'),(184,93,'namkunghy1'),(185,115,'bongchunsu1'),(186,114,'bongchunsu1'),(187,119,'pyoiuk01'),(188,118,'pyoiuk01'),(189,117,'pyoiuk01'),(190,116,'pyoiuk01'),(191,31,'admin'),(194,64,'admin'),(195,52,'admin'),(198,56,'admin'),(199,54,'admin'),(201,27,'admin'),(205,123,'admin'),(206,79,'admin'),(207,80,'admin'),(209,113,'admin'),(210,121,'admin'),(211,123,'kdhun4165'),(212,122,'admin'),(213,147,'admin'),(214,120,'admin'),(215,9,'dltmdtjq3'),(216,79,'dltmdtjq3'),(217,64,'dltmdtjq3'),(218,183,'chlwogh3'),(219,181,'chlwogh3'),(220,182,'chlwogh3'),(221,180,'chlwogh3'),(222,119,'chlwogh3'),(223,113,'chlwogh3'),(224,79,'chlwogh3'),(225,54,'chlwogh3'),(226,56,'chlwogh3'),(227,9,'plusmail2'),(228,31,'plusmail2'),(229,183,'plusmail2'),(230,180,'plusmail2'),(231,123,'plusmail2'),(232,183,'ragnar02'),(233,181,'ragnar02'),(234,180,'ragnar02'),(235,147,'ragnar02'),(236,122,'ragnar02'),(237,121,'plusmail2'),(238,116,'plusmail2'),(239,119,'plusmail2'),(240,180,'admin'),(243,184,'admin'),(245,184,'user'),(246,180,'user'),(247,181,'user'),(248,123,'user'),(251,123,'skm0628');
/*!40000 ALTER TABLE `likes` ENABLE KEYS */;
UNLOCK TABLES;
/*!50003 SET @saved_cs_client      = @@character_set_client */ ;
/*!50003 SET @saved_cs_results     = @@character_set_results */ ;
/*!50003 SET @saved_col_connection = @@collation_connection */ ;
/*!50003 SET character_set_client  = utf8mb4 */ ;
/*!50003 SET character_set_results = utf8mb4 */ ;
/*!50003 SET collation_connection  = utf8mb4_0900_ai_ci */ ;
/*!50003 SET @saved_sql_mode       = @@sql_mode */ ;
/*!50003 SET sql_mode              = 'ONLY_FULL_GROUP_BY,STRICT_TRANS_TABLES,NO_ZERO_IN_DATE,NO_ZERO_DATE,ERROR_FOR_DIVISION_BY_ZERO,NO_ENGINE_SUBSTITUTION' */ ;
DELIMITER ;;
/*!50003 CREATE*/ /*!50017 DEFINER=`root`@`localhost`*/ /*!50003 TRIGGER `increment_likes_count` AFTER INSERT ON `likes` FOR EACH ROW BEGIN

  UPDATE cars SET likes_count = likes_count + 1 WHERE num = NEW.car_num;

END */;;
DELIMITER ;
/*!50003 SET sql_mode              = @saved_sql_mode */ ;
/*!50003 SET character_set_client  = @saved_cs_client */ ;
/*!50003 SET character_set_results = @saved_cs_results */ ;
/*!50003 SET collation_connection  = @saved_col_connection */ ;
/*!50003 SET @saved_cs_client      = @@character_set_client */ ;
/*!50003 SET @saved_cs_results     = @@character_set_results */ ;
/*!50003 SET @saved_col_connection = @@collation_connection */ ;
/*!50003 SET character_set_client  = utf8mb4 */ ;
/*!50003 SET character_set_results = utf8mb4 */ ;
/*!50003 SET collation_connection  = utf8mb4_0900_ai_ci */ ;
/*!50003 SET @saved_sql_mode       = @@sql_mode */ ;
/*!50003 SET sql_mode              = 'ONLY_FULL_GROUP_BY,STRICT_TRANS_TABLES,NO_ZERO_IN_DATE,NO_ZERO_DATE,ERROR_FOR_DIVISION_BY_ZERO,NO_ENGINE_SUBSTITUTION' */ ;
DELIMITER ;;
/*!50003 CREATE*/ /*!50017 DEFINER=`root`@`localhost`*/ /*!50003 TRIGGER `decrement_likes_count` AFTER DELETE ON `likes` FOR EACH ROW begin

	update cars set likes_count = likes_count -1 where num = old.car_num;

end */;;
DELIMITER ;
/*!50003 SET sql_mode              = @saved_sql_mode */ ;
/*!50003 SET character_set_client  = @saved_cs_client */ ;
/*!50003 SET character_set_results = @saved_cs_results */ ;
/*!50003 SET collation_connection  = @saved_col_connection */ ;

--
-- Table structure for table `users`
--

DROP TABLE IF EXISTS `users`;
/*!40101 SET @saved_cs_client     = @@character_set_client */;
/*!50503 SET character_set_client = utf8mb4 */;
CREATE TABLE `users` (
  `id` varchar(100) CHARACTER SET utf8mb4 COLLATE utf8mb4_0900_ai_ci NOT NULL,
  `no` bigint NOT NULL AUTO_INCREMENT,
  `email` varchar(100) CHARACTER SET utf8mb4 COLLATE utf8mb4_0900_ai_ci NOT NULL,
  `name` varchar(100) CHARACTER SET utf8mb4 COLLATE utf8mb4_0900_ai_ci NOT NULL,
  `password` varchar(255) CHARACTER SET utf8mb4 COLLATE utf8mb4_0900_ai_ci NOT NULL,
  `tel` varchar(13) NOT NULL,
  `birth` varchar(10) DEFAULT NULL,
  `provider` enum('local','kakao') CHARACTER SET utf8mb4 COLLATE utf8mb4_0900_ai_ci NOT NULL DEFAULT 'local',
  `grade` int NOT NULL DEFAULT '1',
  `createdAt` datetime NOT NULL,
  `updatedAt` datetime NOT NULL,
  PRIMARY KEY (`id`),
  UNIQUE KEY `users_UN` (`email`,`tel`),
  UNIQUE KEY `users_UN2` (`no`)
) ENGINE=InnoDB AUTO_INCREMENT=85 DEFAULT CHARSET=utf8mb4 COLLATE=utf8mb4_0900_ai_ci;
/*!40101 SET character_set_client = @saved_cs_client */;

--
-- Dumping data for table `users`
--

LOCK TABLES `users` WRITE;
/*!40000 ALTER TABLE `users` DISABLE KEYS */;
INSERT INTO `users` VALUES ('01euljimundeok',58,'mundeoki78@gmail.com','을지문덕','$2b$12$9Sd1cNLUq4I/zs2z47eF9uE6YNz5Zy99TEoxeI7kkOagxQYikv7Gy','01034890478','35','local',1,'2023-05-10 05:42:24','2023-05-10 05:42:24'),('01hangwu',50,'hangwu48@google.com','항우','$2b$12$cVMuNZxIQy4XHr2VwyirS.YrDQ2AbeYLVF.FZmvCJc9..F.50LTzS','01023489234','34','local',1,'2023-05-10 02:49:03','2023-05-10 02:49:03'),('01hannibal',52,'hannibal48@gmail.com','한니발','$2b$12$s.Q4iK2fXy6EX1M8icvnle9Mj1BxeA6GZzjzE8N.HVrn1V.9D9hyq','0103848234','34','local',1,'2023-05-10 03:17:38','2023-05-10 03:17:38'),('01heojeo',61,'heoheo350@google.com','허저','$2b$12$BB843zChylZZOh51q.ZdE.apD0OERP1vF3RfMxVDcusR9VKLa8Oxq','01034693443','34','local',1,'2023-05-10 06:37:01','2023-05-10 06:37:01'),('01jangryang01',59,'jangryang93@google.com','장량','$2b$12$7VICBCu7ysTOkpXKkC15WuQPgPc0ZI2fFligDfMjjEaPFWZiKWp7i','01047898934','34','local',1,'2023-05-10 05:58:10','2023-05-10 05:58:10'),('01jangwan',60,'jangwan23@google.com','장완','$2b$12$8UyE0ARMQn8XNk4kQ5dJwe3l.oHBdnDBFqi97uNRrOORXqt6z/ck.','01023842383','54','local',1,'2023-05-10 06:13:36','2023-05-10 06:13:36'),('01Juwonjang',62,'bossju52@gmail.com','주원장','$2b$12$K93eh8J2rQsIdCKIE1Zd8O4OSxR5Nz3AOmmkX1H6pjd4zyvGs40K6','01053252323','37','local',1,'2023-05-10 07:00:56','2023-05-10 07:00:56'),('01kangyu',37,'kangyu39@gmail.com','강유','$2b$12$AyyVUzcUqDaYHd3v.fe0Z.9zamXwfbDPkyFDqyFf1WOO501l8NmK6','01023905824','34','local',1,'2023-05-10 01:30:39','2023-05-10 01:30:39'),('01yeopo01',57,'yeopo45@google.com','여포','$2b$12$omG/L0N5.lm9bX.d7PTwSOT/X1BTKPe88rJ0nxxo9/a9tcpv7afDi','01058234593','48','local',1,'2023-05-10 05:30:16','2023-05-10 05:30:16'),('1gwakkeobyong',48,'1gwak@google.com','곽거병','$2b$12$..1mLF.Kqyr35G.bxI26B.uKOg/XHLoaNVWiasPIONMjuVLM4cJEK','01023894424','34','local',1,'2023-05-10 02:31:44','2023-05-10 02:31:44'),('1hjuyoung',73,'1hjuyoung@google.com','황주영','$2b$12$G9zayKcpxVGgfa6feQtAUuUAOLT.xiIEY5r/AjStYPv5WOqmnWOb2','01058345344','32','local',1,'2023-05-10 11:42:34','2023-05-10 11:42:34'),('1limyoungwoong',54,'imhere84@gmail.com','임영웅','$2b$12$wxKzucVj37RmldlrUfGjVeqIgp77F.fP9IKouCNoKNHavbQGPWbee','01084385444','23','local',1,'2023-05-10 03:36:51','2023-05-10 03:36:51'),('1uhyunmin',67,'1uhyumin@google.com','유현민','$2b$12$gI5CmBYaNy2qKnOE95rMq.4GoPv0RkwxTe3NvEQezZj4UVVyB29Mu','01038923483','23','local',1,'2023-05-10 09:49:46','2023-05-10 09:49:46'),('1ujongwu',70,'1ujongwu@google.com','유종우','$2b$12$4W.kEgVyObw3zl92lmo2LOUN7oN1XH4G4pjKnaI92mB3BeakRVbJ2','01032523523','34','local',1,'2023-05-10 10:49:50','2023-05-10 10:49:50'),('2771788809',78,'kakao','다훈','kakao','kakao','kakao','kakao',1,'2023-05-11 08:11:05','2023-05-11 08:11:05'),('admin',3,'admin@admin.com','최고관리자','$2b$12$u.Gotepc4gM/2BdFsWitu.iIV0ULRgaQBHqo.X6EMw9PUnFxv4ru.','01099999999','99','local',3,'2020-03-01 00:00:00','2020-03-01 00:00:00'),('Aherebirda3',38,'mviose@naver.cm','이승섭','$2b$12$6g6hCb.NsHgxIuwP6FEuQ.RuEx9sc9iFJpSF82HO25GlBai7.WUX.','01056845515','16','local',1,'2023-05-10 01:30:56','2023-05-10 01:30:56'),('aldo9974',11,'alxo9974@naver.com','마앵이','$2b$12$XlcGl9ZIedvmmcB9GyRaDeltvgwDmJv18OHWiShMTeQ1PCotERlDe','01066669750','27','local',1,'2020-03-01 00:00:00','2023-05-11 12:18:19'),('bongchunsu1',72,'bongchunsu1@google.com','봉춘수','$2b$12$aJx5EuS3x03R6x.hA70.b.HMqvj/.zJ3EHhc2uddc5rTGQwpSinyC','01032489234','34','local',1,'2023-05-10 11:25:00','2023-05-10 11:25:00'),('chltlstlr3',39,'chltlstlr@naver.com','최신식','$2b$12$OoCJpEn4o7t4On8IpTKSpuHDjq9eeLlr6pAkgsM367HHoE5tmqugq','01046548555','31','local',1,'2023-05-10 01:38:51','2023-05-10 01:38:51'),('chlwogh3',83,'chlwogh3@naver.aaa','최재호','$2b$12$x2w4zra4zQb0R/PkkCypa.YkU4tNyf.iMB/86QOGSMjhwMbxNUkae','01055556666','25','local',1,'2023-05-11 11:47:01','2023-05-11 11:47:01'),('choseon01',56,'choseon64@gmail.com','초선','$2b$12$12jcm.t8GwYZT0HA4lKeu.d4J0qdJ.gZcBmae9SIYU3Qawsol7lpi','01043564543','34','local',1,'2023-05-10 04:48:44','2023-05-10 04:48:44'),('dksckdgus3',49,'dksckdgus3@naver.com','안창현','$2b$12$otS/VM2vAjMBzFVtZI3Yv.WPAoutOjmXA46T7RjAk1P6oe0ejD3WW','01076541585','27','local',1,'2023-05-10 02:47:16','2023-05-10 02:47:16'),('dlalswjd23',63,'minjung43@gmail.com','이민정','$2b$12$NNtSsl3hNlhTM1qG5QaGyOPO8aMWRXWYbu3awjTEYFVFwaxofwSJC','01043634343','35','local',1,'2023-05-10 07:29:36','2023-05-10 07:29:36'),('dlgusqo3',53,'dlgusqo@gmail.com','이현배','$2b$12$I.Ow25MhGORXPwIPpen4WuHlblB47WgZQqvhERecDlcDdQ0UmX4n.','01048485959','22','local',1,'2023-05-10 03:21:03','2023-05-10 03:21:03'),('dltmdtjq3',79,'dltmdtjq3@naver.com','이승섭','$2b$12$jq6aDIj/oLRfcyrpuAXC8eZ0PezVVR0MBUMT1KNOZ68/8VlV.bzyC','01027789575','31','local',1,'2023-05-11 10:38:57','2023-05-11 10:38:57'),('dutmdqja3',47,'dutmdqja@naver.com','여승범','$2b$12$iZ.a0ryuFnZuXlfe17Wt2ew1TgYrzoTmWb/Y.d7CQNjNgrhM9Fdpu','01068555485','55','local',1,'2023-05-10 02:31:38','2023-05-10 02:31:38'),('ghdrhkdgh12',64,'rhkdgh12@google.com','홍광호','$2b$12$kaA4lALldlUfWZJn5SWib.RzXjsDrNFP1j2WfOge./IA9A/JKK10O','0103823434','35','local',1,'2023-05-10 07:49:19','2023-05-10 07:49:19'),('gwanu001',27,'gwanu128@google.com','관우','$2b$12$X84bzKzVqTzvAyR7srOBie3cBO/BzmutmjDGWIdynbxtowNnNpMz2','0101283238','41','local',1,'2020-03-01 00:00:00','2020-03-01 00:00:00'),('hajisuu1',76,'hajisuu1@gmail.com','하지수','$2b$12$7fL30gYhLZOY/4MrK4kUcuzbmbz4/BaISogFhs29TZk6WQl3Og1rm','01062348238','22','local',1,'2023-05-10 12:18:18','2023-05-10 12:18:18'),('hotdog1919',81,'ku0788@naver.com','최경희','$2b$12$4BCjkjjL6nDspslmKyXPyuWh/sSJG551ITaxQLXfND0Nm6Q73xnia','01085590769','19','local',1,'2023-05-11 10:47:52','2023-05-11 10:47:52'),('jangryo1',29,'jangryo42@google.com','장료','$2b$12$Z9JZX1OAPU4D76HtpJmiW.7rtCQQNuQ8ths4BPcnK2XrRJOf457h2','01023042343','25','local',1,'2020-03-01 00:00:00','2020-03-01 00:00:00'),('jangso01',40,'jangso55@gmail.com','장소','$2b$12$GZ9BvD4u8t6EiQnDEk6QRuMpghXESzMa/pJKCGIi3h1mkPLiMDYeW','0102342355','54','local',1,'2023-05-10 01:40:52','2023-05-10 01:40:52'),('kanggamchan1',33,'gamchan23@google.com','강감찬','$2b$12$tFSepg4S9OHiCNrpU4ph9ustN6JfBexCDF63ZycOiC/Rv43l/t3xG','0102398023','23','local',1,'2023-05-10 00:23:04','2023-05-10 00:23:04'),('kangkseok1',69,'kangkseok1@google.com','강경석','$2b$12$bvlz1q7G73haLkbYkPA5buaoSzQPLD8lur6F3NwBDmjmTriA1oYeC','01032843440','34','local',1,'2023-05-10 10:31:26','2023-05-10 10:31:26'),('kbj',7,'s@s.com','김병제','$2b$12$VBBlD42EuGauy5FzBWyQ5uxb630KGyfgpPQ2WdjpHHODQyr6vg9ya','01011111111','3','local',2,'2020-03-01 00:00:00','2020-03-01 00:00:00'),('kdhun1838',21,'rla@rla.com','김다훈2','$2b$12$QiLOBhjzhqYSih4tje3p1.vvr971L0pGMCdIJPCzS.WEKFA6t6Any','01091919191','1231','local',1,'2020-03-01 00:00:00','2023-07-27 11:32:26'),('kdhun4165',17,'kdh@kdh.com','김다훈','$2b$12$DUlRPrPRxmn1RxdnwPNPuONGj.ZLQH6aj6OFeneSljoHmyJUijMWa','01011111111','1231123','local',2,'2020-03-01 00:00:00','2023-05-11 05:59:52'),('lisunsin01',35,'lss84@google.com','이순신','$2b$12$GugdOLJliA8VJmfRilV/w.D/IylpX76SEDJaEJEL.rNZHwSNBSiw6','0102384974','34','local',1,'2023-05-10 01:12:25','2023-05-10 01:12:25'),('namkunghy1',71,'namkunghy1@google.com','남궁혜영','$2b$12$CtRAniL0XOiWjBkP.E7UIuGEZ7UTTd3kP9217n2WdKIZbC/lXbdwO','01023784234','23','local',1,'2023-05-10 11:05:17','2023-05-10 11:05:17'),('Odinee01',23,'jj@jj.com','조조','$2b$12$qJumGTARBDJR.J.9R2XcSeGOKfuOFrmNNBrECsk9OZwn9diCaO9mq','01058575957','32','local',1,'2020-03-01 00:00:00','2020-03-01 00:00:00'),('plusmail2',19,'plusmail@naver.com','최영민','$2b$12$nkvDBtO1Jw9k8RStipg1XOYXNYI2SQHK9c.sPUCxMYjn/V27l9jBq','01015654654','29','local',1,'2020-03-01 00:00:00','2020-03-01 00:00:00'),('pyoiuk01',74,'pyoiuk01@google.com','표인욱','$2b$12$PNNULxDfJrBiSemkuQxaIuy.XJSXaLJprSFGhogmkbUXQ.S91C6WS','01046834558','34','local',1,'2023-05-10 11:53:37','2023-05-10 11:53:37'),('qhrwodnd1',66,'qhrwodnd1@gmail.com','복재웅','$2b$12$ePfCCOnsS8QW88ngBAtJ2.fSP6.fGdp8w/pnu6oWaKuAV3lEdAO4u','01032984234','23','local',1,'2023-05-10 08:42:33','2023-05-10 08:42:33'),('qkrgkqls3',45,'qkrgkqls@naver.com','박하빈','$2b$12$96Q/XKMBZdIprd9qnQKkq.7ErOCrKgUvMiKHP8EyUqscMZDEv8R8a','01018556584','49','local',1,'2023-05-10 02:20:59','2023-05-10 02:20:59'),('qkrwlsgud3',43,'qkrwlsgud@daum.net','박진형','$2b$12$whLpbjrYdllg9kfsz2wfdeeonQFQeNwm26GXuAUYxO32B4YcYQOim','01068455151','39','local',1,'2023-05-10 02:14:05','2023-05-10 02:14:05'),('ragnar01',20,'jegalryang39@google.com','제갈량','$2b$12$ljRLLAHmrRfpum5If/Y.eeG4ud93tHyEbGVjnb4bCLxIURP/qQ9x6','01049393234','34','local',1,'2020-03-01 00:00:00','2023-05-11 08:22:00'),('ragnar02',80,'ragnar02@google.com','정우진','$2b$12$2CInOo4VTAuHVWAoGw2b4.1BXg/cnq7.3mrKeZxVVLxVl1sM4Q9IS','01034583495','23','local',1,'2023-05-11 10:41:37','2023-05-11 10:56:05'),('rainbow1',16,'aa@ff.vv','lsh','$2b$12$VeZRK0YKG670m.5wcEhLkuLQ3C9LLJ.i.j8zAxDjlHOtPIWyniK9W','01063239125','32','local',2,'2020-03-01 00:00:00','2020-03-01 00:00:00'),('rlaekgns1',77,'rlaekgns1@gmail.com','김다훈','$2b$12$1B5dCwbeDh.DHdnMQtdNIufxMdcgBNGiRBUG6FfyOAjqmdQoXkWFa','01012345666','28','local',1,'2023-05-11 08:09:09','2023-05-11 08:09:09'),('rlaekgns12',84,'kdh@kdh.com','김다훈','$2b$12$L0ae0BSMUyzIFtoNlq2VmudDKSVeymE.S6/uNMZlVWKl.JIe58v0m','01012341234','28','local',1,'2023-05-12 02:29:21','2023-05-12 02:30:33'),('rlaqudwp3',82,'rlaqudwp@naver.com','김병제','$2b$12$aVd3lAzNwZ0G.Al4.j/yC.I81lanP0/EmpfHFgAGPyN6DFpVbkflG','01011115555','24','local',1,'2023-05-11 11:43:23','2023-05-11 11:43:23'),('rlarbdhks3',41,'rlarbdhks3@gmail.com','김규완','$2b$12$qx.sMY/gS/NW0LVkLIj/k..KwkHaZzscPLnS..iUqojt3rUw.Pa6u','01068451555','30','local',1,'2023-05-10 02:07:07','2023-05-10 02:07:07'),('roki0001',24,'roki3923@hanmail.net','로키','$2b$12$PxJvp0kmDk7jLqnC3HNHqem.GA1F0L0/zXs3uOtSom.Mm4Fom0Lfu','01052349233','23','local',1,'2020-03-01 00:00:00','2020-03-01 00:00:00'),('s1nyejun',68,'s1nyejun@google.com','신예준','$2b$12$IE2ysaeaf/TLI5HH1SoBTe/kNeC4OP1278aeSvslXe9rCCRZ/d7MG','01038523353','54','local',1,'2023-05-10 10:12:55','2023-05-10 10:12:55'),('samaeui1',30,'maeui58@google.com','사마의','$2b$12$tli8I8dBC57USBZK564CSOXKvOkUUtgWgcB4ryuCD0GiKjIbZvFNi','01058903489','37','local',1,'2020-03-01 00:00:00','2020-03-01 00:00:00'),('skm0628',5,'skm0628@naver.com','손강민1','$2b$12$svysU5hGLaAHIdPms2Zs2OtuH9Fe6NRzX63l2hg4WmQJR9kC.QsLC','01011111111','12','local',2,'2020-03-01 00:00:00','2023-07-27 11:32:23'),('skmin0628',13,'skmin0628@naver.com','야강','$2b$12$nx/VmKy0MZpz0qZacwzsNeiQo1vzq.YpUEXBtY7AqOZcvSOw8q5t6','01065554555','65','local',1,'2020-03-01 00:00:00','2023-05-10 12:01:36'),('slghswld3',55,'slghswld@yahoo.com','니혼징','$2b$12$9VGV9adtewFF1UkfE/xy9OHJV4JyBV0U42eyhA.hJlLOrRE0fGhC6','01011112222','46','local',1,'2023-05-10 03:45:04','2023-05-10 03:45:04'),('sonkwj01',75,'sonkwj01@google.com','손광준','$2b$12$W1z0F7ot1iXzfaNb3CVP7.7IgFrYlyCJgEm4LZCUqrzeTDwH6etaO','01023582384','34','local',1,'2023-05-10 12:07:12','2023-05-10 12:07:12'),('sonkwon1',28,'kwonny67@google.com','손권','$2b$12$oy4uyQcXQsRHCOri0JGKYOaQAe2FAkjb6qck.Cv93TxaInP0Ug476','01067932941','34','local',1,'2020-03-01 00:00:00','2020-03-01 00:00:00'),('temujin01',31,'temu415@gmail.com','테무진','$2b$12$a8IkHmE7WfrkUfAW.z2NW.YxLfIQJZBpRtJWfDkRjwXSJWWa5O9zi','01041563544','23','local',1,'2020-03-01 00:00:00','2020-03-01 00:00:00'),('udir0001',25,'jangbijjang@google.com','장비','$2b$12$ED3TRlYLoJbn7gxx9C16AuujGGZesgw.CXmNjDYlSwEZp1Pih8Q3.','01056809567','43','local',1,'2020-03-01 00:00:00','2020-03-01 00:00:00'),('user',4,'user@user.com','일반유저','$2b$12$U8whBmo/OY7Z/pqBivutGuF.I15hSwYhs/TgbBfrOHn9jcFijD3TK','01011111111','1','local',1,'2020-03-01 00:00:00','2020-03-01 00:00:00'),('wangkun01',34,'wangkun23@google.com','왕건','$2b$12$kQ1rjc34vv/miCuDZRZdQ.GWO0ydIgZqRLCZE/PjyUtLjvssgdvIO','0102387494','24','local',1,'2023-05-10 00:48:25','2023-05-10 00:48:25'),('whdudcks3',51,'whdudcks3@gmail.com','조영찬','$2b$12$yvkB/a731RwBczFxk6MqjuyjqkNUj5iM0Ma4Gr4WAmTiKr/lKF1PS','01076561568','36','local',1,'2023-05-10 03:10:32','2023-05-10 03:10:32'),('yubi0001',26,'yubi8980@google.com','유비','$2b$12$Y/Qj4cO/YtsU/zfxwTOGAOAk7deLMSEA/s10nSSNx2/rGK3oznzna','01089804834','43','local',1,'2020-03-01 00:00:00','2020-03-01 00:00:00'),('yukhang01',44,'sixhang65@google.com','육항','$2b$12$JUwwoExZFjs1JX02fD/b7eBlWl1sL1FAQis0PK.O0PyFVby2OfUiC','0102357256','22','local',1,'2023-05-10 02:18:05','2023-05-10 02:18:05'),('yukson01',42,'sixhand95@gmail.com','육손','$2b$12$j41br6Io6SOrG0/p0rdv4Oc92mTxLK5XILSr9lRbz2pprL1hg30ey','01056428954','23','local',1,'2023-05-10 02:07:28','2023-05-10 02:07:28'),('yusun001',36,'yusun53@gmail.com','유선','$2b$12$uG54zG6ueNOJWc/CJhLTye6zQRzghtOpSQj/Rj0Pj9K316D684WUG','01047534754','22','local',1,'2023-05-10 01:25:22','2023-05-10 01:25:22'),('zhtksgh23',65,'tjsgh223@gmail.com','고선호','$2b$12$lcDCr.eV5rfGsWLzM4Hk5eKK7khKOy8rRGhCBMJIaPbeIQrFj.bRy','01031241244','34','local',1,'2023-05-10 08:31:00','2023-05-10 08:31:00');
/*!40000 ALTER TABLE `users` ENABLE KEYS */;
UNLOCK TABLES;
/*!40103 SET TIME_ZONE=@OLD_TIME_ZONE */;

/*!40101 SET SQL_MODE=@OLD_SQL_MODE */;
/*!40014 SET FOREIGN_KEY_CHECKS=@OLD_FOREIGN_KEY_CHECKS */;
/*!40014 SET UNIQUE_CHECKS=@OLD_UNIQUE_CHECKS */;
/*!40101 SET CHARACTER_SET_CLIENT=@OLD_CHARACTER_SET_CLIENT */;
/*!40101 SET CHARACTER_SET_RESULTS=@OLD_CHARACTER_SET_RESULTS */;
/*!40101 SET COLLATION_CONNECTION=@OLD_COLLATION_CONNECTION */;
/*!40111 SET SQL_NOTES=@OLD_SQL_NOTES */;

-- Dump completed on 2023-08-02 15:11:06
